ID,SALER,CODE,PRICE,CURRENCY,REFERENCE NUMBER,TIME
1,klook,285106882926903,500.00,CNY,73fa5281c2614d7d708fcc1c746ccc0b,2019-08-29T16:50:29.89Z
2,klook,305226884726656,500.00,CNY,8037504360974cf17514a0e680d857bd,2019-08-29T16:50:29.89Z
3,klook,289760095175838,500.00,CNY,0aca901462434d8a7a27efef559f3845,2019-08-29T16:50:29.89Z
4,klook,826629496513930,500.00,CNY,8d739797ee6f481a4f7d1279eeaf9675,2019-08-29T16:50:29.89Z
5,klook,455305316588198,500.00,CNY,242d9382e36b42df6fe6dc3061360497,2019-08-29T16:50:29.89Z
6,klook,647558230150689,500.00,CNY,0917060913a047f85016a627fc430847,2019-08-29T16:50:29.89Z
7,klook,485875219533486,500.00,CNY,6e95a8ca8f5241d96350fc074de83af8,2019-08-29T16:50:29.89Z
8,klook,474012052615954,500.00,CNY,41e9a0a12a5147187b526f43b88cf398,2019-08-29T16:50:29.89Z
9,klook,155842463951939,500.00,CNY,bf641534bb774259660394ce99a74c6d,2019-08-29T16:50:29.89Z
10,klook,173750674833052,500.00,CNY,1ff604689b784c8963d2255e160abc6c,2019-08-29T16:50:29.89Z
11,klook,806763649896344,500.00,CNY,c0db46d04d33486b61aef0a5e76df484,2019-08-29T16:50:29.89Z
12,klook,118304654037570,500.00,CNY,19bca78804ad4829782d266624b2007f,2019-08-29T16:50:29.89Z
13,klook,344113310190180,500.00,CNY,b4b96376870e4912464f61dc73ac6bce,2019-08-29T16:50:29.89Z
14,klook,968626614691027,500.00,CNY,a39f2d05f37845b844b4f9aba6792824,2019-08-29T16:50:29.89Z
15,klook,206223984457167,500.00,CNY,5504ad821212478f4efeee3b62d8f055,2019-08-29T16:50:29.89Z
16,klook,205383125221006,500.00,CNY,4d496eff5a9846637bc34d77ee0b9bab,2019-08-29T16:50:29.89Z
17,klook,854096889289182,500.00,CNY,aa0837131d2147866d6afa4512cf97be,2019-08-29T16:50:29.89Z
18,klook,357953701613958,500.00,CNY,18d9c55342dc46f07cec011d3d238423,2019-08-29T16:50:29.89Z
19,klook,467273182493691,500.00,CNY,5986e04fe5f6447074a23c9327245176,2019-08-29T16:50:29.89Z
20,klook,569170428521128,500.00,CNY,8c0f87c34ba54831736743512f5715b3,2019-08-29T16:50:29.89Z
21,klook,187088999108001,500.00,CNY,b5d4072d18054be14314a3255f7162b9,2019-08-29T16:50:29.89Z
22,klook,944939290395424,500.00,CNY,24a71c452ff049c161f27bc3bd3ecc1f,2019-08-29T16:50:29.89Z
23,klook,412315770940294,500.00,CNY,78c13fe98c37432743efdf6eab41b506,2019-08-29T16:50:29.89Z
24,klook,364203981419879,500.00,CNY,9974b7af1d324a0f63a95440f7fcbda3,2019-08-29T16:50:29.89Z
25,klook,996932591531824,500.00,CNY,090a22d78bda4f346ddc66b484147ddc,2019-08-29T16:50:29.89Z
26,klook,857509977987875,500.00,CNY,1962a62a46f1407358a3abf2eff94b1f,2019-08-29T16:50:29.89Z
27,klook,844108124034080,500.00,CNY,532269148571432b5d2913761773ea11,2019-08-29T16:50:29.89Z
28,klook,285401924605682,500.00,CNY,6b56ae06a03947d67570bf2e6187d956,2019-08-29T16:50:29.89Z
29,klook,820251195256926,500.00,CNY,c7fa7f94827843ae59ba9a87f5326ff8,2019-08-29T16:50:29.89Z
30,klook,690884132621592,500.00,CNY,d3642013139943114a9fe659904b7ab5,2019-08-29T16:50:29.89Z
31,klook,291481725367802,500.00,CNY,fca6b5602863475578783e1e6f027b1c,2019-08-29T16:50:29.89Z
32,klook,325156243403922,500.00,CNY,09324d63431a4f3f5d532a3edc22d78e,2019-08-29T16:50:29.89Z
33,klook,798603696136564,500.00,CNY,f4aab8533efb417145cf29825e3a455a,2019-08-29T16:50:29.89Z
34,klook,407649389676559,500.00,CNY,e8722f80302a44836ac75428b18f724c,2019-08-29T16:50:29.89Z
35,klook,270532857477455,500.00,CNY,10d6109d1d79409c5541b36c8a7ff33e,2019-08-29T16:50:29.89Z
36,klook,879660094602655,500.00,CNY,16f08a83e6dc4aba5316cf213886604d,2019-08-29T16:50:29.89Z
37,klook,807455955113153,500.00,CNY,fafb409a223242717b8d6ae2624c9c92,2019-08-29T16:50:29.89Z
38,klook,150084777896942,500.00,CNY,43bcc77a71394eda61ce45f52c339bcb,2019-08-29T16:50:29.89Z
39,klook,886157761607516,500.00,CNY,e76c30b0123e4be46fa45d4bc083268e,2019-08-29T16:50:29.89Z
40,klook,360458734470919,500.00,CNY,29b49d89326649b54b38ecae59b9d5d8,2019-08-29T16:50:29.89Z
41,klook,244585531084559,500.00,CNY,7948409a6d3e4fe77a4934c105837bd6,2019-08-29T16:50:29.89Z
42,klook,826191425360283,500.00,CNY,db6dfbee63e84167590e8dcdcf458834,2019-08-29T16:50:29.89Z
43,klook,718454161797944,500.00,CNY,4da416d478b44f7f6b8a20cbfa5b2db5,2019-08-29T16:50:29.89Z
44,klook,616259840903010,500.00,CNY,422514e43ef44b2456087e01909c6b3e,2019-08-29T16:50:29.89Z
45,klook,406802300953436,500.00,CNY,e71bf8698a0f485158d7542358e5e480,2019-08-29T16:50:29.89Z
46,klook,747531326645910,500.00,CNY,743230a059e6498b7fa41e78fe26c73d,2019-08-29T16:50:29.89Z
47,klook,749348031678062,500.00,CNY,75a1f2fcaa854d89652c1d1070f60fbe,2019-08-29T16:50:29.89Z
48,klook,101542522903273,500.00,CNY,8252a14058d8473352d3489d1597c120,2019-08-29T16:50:29.89Z
49,klook,657238081361156,500.00,CNY,c0153382e831462b43a634f2291305af,2019-08-29T16:50:29.89Z
50,klook,199868749083490,500.00,CNY,d0bf928de95c424849ada76eb6fa8546,2019-08-29T16:50:29.89Z
51,klook,251805214839883,500.00,CNY,c3d4b32c3de84c9779acffa42a9965d3,2019-08-29T16:50:29.89Z
52,klook,548526835334354,500.00,CNY,a7a548c011ed441659c27969298ae7ea,2019-08-29T16:50:29.89Z
53,klook,753478051270637,500.00,CNY,22ca64c47c25453e746eb2150f1cd747,2019-08-29T16:50:29.89Z
54,klook,926801872389608,500.00,CNY,72aecfc4a5cc48ed7f7562a61c1a031a,2019-08-29T16:50:29.89Z
55,klook,647279706984536,500.00,CNY,fbfe23cb3032493d4f417a5f819fa9a9,2019-08-29T16:50:29.89Z
56,klook,332575714301264,500.00,CNY,c2d2f9cda90a430d79fb9fa29eda5641,2019-08-29T16:50:29.89Z
57,klook,781089825435066,500.00,CNY,0a8e6b17988d44a54a16c1f6b176a444,2019-08-29T16:50:29.89Z
58,klook,679024563807554,500.00,CNY,b776f07c5d6d4a806a8ef49296517c7d,2019-08-29T16:50:29.89Z
59,klook,952253229250106,500.00,CNY,d45950069a914d545c6dc56d53e27e35,2019-08-29T16:50:29.89Z
60,klook,676269807297610,500.00,CNY,fddd2c0e94a543fd7b090b8f79c26685,2019-08-29T16:50:29.89Z
61,klook,991664560068837,500.00,CNY,76bec69cc975496f534df728a43a2fe5,2019-08-29T16:50:29.89Z
62,klook,342343936054003,500.00,CNY,127b30ac09ae4d9f5e8fd59ac82c5943,2019-08-29T16:50:29.89Z
63,klook,190595535721801,500.00,CNY,d2477cf270974a9b78ad29b6e4ac195b,2019-08-29T16:50:29.89Z
64,klook,672239195606131,500.00,CNY,901b4dea315646ac4d4586a2ff08aef4,2019-08-29T16:50:29.89Z
65,klook,200904858614586,500.00,CNY,3f55d2443b3a43fd4d1d158c1ce204bf,2019-08-29T16:50:29.89Z
66,klook,305573501152815,500.00,CNY,5c7e661b58f84e274bfd7ef431588c8a,2019-08-29T16:50:29.89Z
67,klook,617020373113537,500.00,CNY,e150a9b3fd0243fc568dc34c63f490c5,2019-08-29T16:50:29.89Z
68,klook,672394213243183,500.00,CNY,7e6ee07930454fab5326e12303ea6c70,2019-08-29T16:50:29.89Z
69,klook,368964345894569,500.00,CNY,64024e5b135f4df94d0923ffba004468,2019-08-29T16:50:29.89Z
70,klook,926238381819791,500.00,CNY,accf6620043a4cb24916f4f861935195,2019-08-29T16:50:29.89Z
71,klook,672665480213793,500.00,CNY,fd8dac00cf6b4f6576754468eeea3458,2019-08-29T16:50:29.89Z
72,klook,232452261844063,500.00,CNY,c7bfddafdc244414611707da677b2b51,2019-08-29T16:50:29.89Z
73,klook,160413341826318,500.00,CNY,a9c4a5e36ca04345504079d6567fbd59,2019-08-29T16:50:29.89Z
74,klook,873905783882653,500.00,CNY,2b787797e04f4df7530f47414498310c,2019-08-29T16:50:29.89Z
75,klook,555277597395997,500.00,CNY,427d6873ec7a485340c9e272c5cf8e1c,2019-08-29T16:50:29.89Z
76,klook,938442298087939,500.00,CNY,eaaf7fe936cc41d862d071b2b14517b3,2019-08-29T16:50:29.89Z
77,klook,130131376104752,500.00,CNY,0e7b06a294e545087898bbbf2bc952f5,2019-08-29T16:50:29.89Z
78,klook,267439630188181,500.00,CNY,ed481b7f89e346c44e700e7253fe0475,2019-08-29T16:50:29.89Z
79,klook,741847847225926,500.00,CNY,285ea40f4bcb4d8374c55c9c734d995b,2019-08-29T16:50:29.89Z
80,klook,590751229091284,500.00,CNY,7cde6c42217a47d86eb5aa492e4b09bc,2019-08-29T16:50:29.89Z
81,klook,142645315990509,500.00,CNY,f9b56789a29b4c30776c656d2113003d,2019-08-29T16:50:29.89Z
82,klook,151240359101508,500.00,CNY,eb6dcfc1984b48b6574e489b0134c4bd,2019-08-29T16:50:29.89Z
83,klook,311546110941567,500.00,CNY,e08d3a66804242d44d2fa30706e8687b,2019-08-29T16:50:29.89Z
84,klook,516830514058509,500.00,CNY,287f0378230747074f673fa53e9fde6b,2019-08-29T16:50:29.89Z
85,klook,386535967035633,500.00,CNY,9a7869d83e3941fa60f015e265aff416,2019-08-29T16:50:29.89Z
86,klook,789559297018866,500.00,CNY,3fe746be62d44ceb64f0f6aad650ea8e,2019-08-29T16:50:29.89Z
87,klook,163311361639803,500.00,CNY,450ede319aa8449f691c6620f7425094,2019-08-29T16:50:29.89Z
88,klook,481643634203027,500.00,CNY,8645c463fe194b5576ae21ac6089bc5f,2019-08-29T16:50:29.89Z
89,klook,682162321479937,500.00,CNY,41e1e89bc40349cd71124b3a1d949626,2019-08-29T16:50:29.89Z
90,klook,598430589189093,500.00,CNY,482f41d6768349ab5c6cc398c258ecd5,2019-08-29T16:50:29.89Z
91,klook,260842140365236,500.00,CNY,58f9c4c5865c4ca969e06a1c449059dd,2019-08-29T16:50:29.89Z
92,klook,418154188090608,500.00,CNY,f976888be0f9481e7c6f9585e9a461b9,2019-08-29T16:50:29.89Z
93,klook,635585039671212,500.00,CNY,3b0c3312333443554d10a486add92163,2019-08-29T16:50:29.89Z
94,klook,183153061811235,500.00,CNY,ef63706bcb3446ba44a0fda0a207c6c2,2019-08-29T16:50:29.89Z
95,klook,105425141370294,500.00,CNY,3d3d5958082a44576ebece283903f8d3,2019-08-29T16:50:29.89Z
96,klook,757039307947706,500.00,CNY,d7256f061a13459a797c316375b46cee,2019-08-29T16:50:29.89Z
97,klook,973072451160623,500.00,CNY,3c69ff2ee0574f0060394597f8baa971,2019-08-29T16:50:29.89Z
98,klook,307346603516741,500.00,CNY,5afbb64bbe11438e7ec8418cd7f5c930,2019-08-29T16:50:29.89Z
99,klook,885229516471161,500.00,CNY,e401552dbcb54e5c63148cf6fd389527,2019-08-29T16:50:29.89Z
100,klook,255291951577091,500.00,CNY,d92bf692557849dc491e964aa78bc8bc,2019-08-29T16:50:29.89Z
101,klook,455610914314853,500.00,CNY,713add9005a046234f90142101ec0616,2019-08-29T16:50:29.89Z
102,klook,184148451200993,500.00,CNY,afda0258382e4bd840eb1c5637a43387,2019-08-29T16:50:29.89Z
103,klook,931275172432558,500.00,CNY,c132079dff54461966611a9323c61209,2019-08-29T16:50:29.89Z
104,klook,897368973277799,500.00,CNY,0b892be979b0428c45ea1b10d4f59b29,2019-08-29T16:50:29.89Z
105,klook,303361928348109,500.00,CNY,d6ca1e1d1c8c426273de58cffdd7ec3a,2019-08-29T16:50:29.89Z
106,klook,371485486637140,500.00,CNY,6b44708f8c4f4cbd4f2bc380e834ce1a,2019-08-29T16:50:29.89Z
107,klook,511164125019956,500.00,CNY,701ca1489ac64ae15b6994eedd5300a6,2019-08-29T16:50:29.89Z
108,klook,928092148178129,500.00,CNY,adfddf4a3f6f4675563ad86b9a45adc1,2019-08-29T16:50:29.89Z
109,klook,687051540273171,500.00,CNY,58fb02f65403456850e3c6f4e0a3d927,2019-08-29T16:50:29.89Z
110,klook,499147206331733,500.00,CNY,677503dd55d043fb59508b6bb062a15f,2019-08-29T16:50:29.89Z
111,klook,483668278091912,500.00,CNY,373c1632f5d149916bcaefaa561a2909,2019-08-29T16:50:29.89Z
112,klook,706926971818026,500.00,CNY,53e0caa6ce2a404b5eec47b00cd19421,2019-08-29T16:50:29.89Z
113,klook,795826194316902,500.00,CNY,736ff74fcb2c43176ac9a211adac6397,2019-08-29T16:50:29.89Z
114,klook,855295734992449,500.00,CNY,0fa0105044384316789b06a6cdbfce7b,2019-08-29T16:50:29.89Z
115,klook,166241549562383,500.00,CNY,bc365e73a6cf41e660d7e0c8a7c49b12,2019-08-29T16:50:29.89Z
116,klook,482382559166292,500.00,CNY,21b5a88811d144a046790b5a138f3c67,2019-08-29T16:50:29.89Z
117,klook,682128013795183,500.00,CNY,49dc947ee91849625d3db06acae70962,2019-08-29T16:50:29.89Z
118,klook,857157676797099,500.00,CNY,69728f10ff9f4f337a0ff70771c97f11,2019-08-29T16:50:29.89Z
119,klook,533154150425906,500.00,CNY,01c617ae85a74b0b4c63c0880c6a888f,2019-08-29T16:50:29.89Z
120,klook,377936182152796,500.00,CNY,978f2f9e112643b644219db1035fcb7b,2019-08-29T16:50:29.89Z
121,klook,173901724114609,500.00,CNY,d0e01e0a546840bf45b100ff1be962c7,2019-08-29T16:50:29.89Z
122,klook,611100640796169,500.00,CNY,f2cbf62993f94a78756ee3dbc957d7c4,2019-08-29T16:50:29.89Z
123,klook,811554624804591,500.00,CNY,3d12a18057b6471d72e3c3fd972fb185,2019-08-29T16:50:29.89Z
124,klook,328735754087603,500.00,CNY,f78357cd4aa347d356dca211430ddc61,2019-08-29T16:50:29.89Z
125,klook,223016416994703,500.00,CNY,5fde8dc0009343806a5a8da826a9772f,2019-08-29T16:50:29.89Z
126,klook,555569673875938,500.00,CNY,6d9f0ae36a4047b646f7fab1034b5b57,2019-08-29T16:50:29.89Z
127,klook,613875177777883,500.00,CNY,1b912ac8f69f4ed97be450d841bb4639,2019-08-29T16:50:29.89Z
128,klook,150603460073740,500.00,CNY,d91dcea18c04448c53da427cc2617407,2019-08-29T16:50:29.89Z
129,klook,576593037282319,500.00,CNY,76ff566497f448b94dcea878a34bbb82,2019-08-29T16:50:29.89Z
130,klook,439689822217535,500.00,CNY,a41d311ef1d949fc7e4cc9ef88a7a662,2019-08-29T16:50:29.89Z
131,klook,924303462747174,500.00,CNY,de7aec0a97fe4ff17811f12d605b483c,2019-08-29T16:50:29.89Z
132,klook,864779409653729,500.00,CNY,3d93a48f574c449444cbb79f7e62eb06,2019-08-29T16:50:29.89Z
133,klook,547924307461838,500.00,CNY,f4eb351f692b4c4b75ef5349056e1db2,2019-08-29T16:50:29.89Z
134,klook,106976443769283,500.00,CNY,692aa5101b2341f9611c3a9b7e4247be,2019-08-29T16:50:29.89Z
135,klook,715837097665771,500.00,CNY,254de1fff40a4d355084c80614221ec1,2019-08-29T16:50:29.89Z
136,klook,581817038812972,500.00,CNY,7f27062c19b042a26fb943315285a130,2019-08-29T16:50:29.89Z
137,klook,920145240000759,500.00,CNY,bb513396a2ac40825d08cadfaf270669,2019-08-29T16:50:29.89Z
138,klook,509692328355786,500.00,CNY,3e8b0edb35344d7640aefc017be78024,2019-08-29T16:50:29.89Z
139,klook,481837411237307,500.00,CNY,04b060f528da4998560c9984f7ac0df2,2019-08-29T16:50:29.89Z
140,klook,985982001212854,500.00,CNY,679fa9ad859e425a52e6802ca7fbf47a,2019-08-29T16:50:29.89Z
141,klook,508708763143906,500.00,CNY,5e4db471869a4b9c7dab49620f1843d5,2019-08-29T16:50:29.89Z
142,klook,948506513702211,500.00,CNY,c9431b36fcca499c78398e2b7c96746f,2019-08-29T16:50:29.89Z
143,klook,920838350575501,500.00,CNY,ba8cb734efc4412b63557d7fd0fba02c,2019-08-29T16:50:29.89Z
144,klook,950325530969843,500.00,CNY,b29cc58a4dc44c006a8de36746b8d989,2019-08-29T16:50:29.89Z
145,klook,805606697168580,500.00,CNY,336057615780449b769f2f6822202908,2019-08-29T16:50:29.89Z
146,klook,138639986427619,500.00,CNY,4ca343cf5a6e48494df81a740f8ee54b,2019-08-29T16:50:29.89Z
147,klook,769882295523390,500.00,CNY,69066a40b6ec475d51fb9f077e0a53f3,2019-08-29T16:50:29.89Z
148,klook,130136657669753,500.00,CNY,f742967eb9d8400a60bce29f01da659c,2019-08-29T16:50:29.89Z
149,klook,778156753762056,500.00,CNY,c526318e97f9495b5dcf6b30e39bbf37,2019-08-29T16:50:29.89Z
150,klook,950837634464205,500.00,CNY,6988674fd7d54d28463972edeb4fc295,2019-08-29T16:50:29.89Z
151,klook,574358651951284,500.00,CNY,e125c877b5eb49f17861f58fe97724b7,2019-08-29T16:50:29.89Z
152,klook,315625300438800,500.00,CNY,c1f0b09f564947ad6fb327e3aa5ffe96,2019-08-29T16:50:29.89Z
153,klook,479126663093482,500.00,CNY,5cf4471b027b4300489d3473b1bdfb0c,2019-08-29T16:50:29.89Z
154,klook,930364010218690,500.00,CNY,221ac9ed1d644d6172c128567cd8d023,2019-08-29T16:50:29.89Z
155,klook,241413184508610,500.00,CNY,d19b354bbcef4f075fd6e27a2070a6bd,2019-08-29T16:50:29.89Z
156,klook,516411154847555,500.00,CNY,e2b057bbe29744d378d76157ac9e3bb6,2019-08-29T16:50:29.89Z
157,klook,838684978316674,500.00,CNY,ed1209bb179c436f5f0ec86bb8d36a61,2019-08-29T16:50:29.89Z
158,klook,126640820884685,500.00,CNY,104b8c4be01c48256d90a6b278d358e6,2019-08-29T16:50:29.89Z
159,klook,256339090648311,500.00,CNY,d1b46429177f4f595f5f14874ec3b997,2019-08-29T16:50:29.89Z
160,klook,957214962348192,500.00,CNY,b835e1974d964b4f67da8130d3b44bb0,2019-08-29T16:50:29.89Z
161,klook,764411208883467,500.00,CNY,d345e32b1cf64ba7716df0ad70ec054f,2019-08-29T16:50:29.89Z
162,klook,329440440757871,500.00,CNY,32a024e9874b48cd5c25bb1c563eebba,2019-08-29T16:50:29.89Z
163,klook,504690292550305,500.00,CNY,04636bb7dd3843187b1ff90f1919fed9,2019-08-29T16:50:29.89Z
164,klook,465668280772503,500.00,CNY,25ba4e98650441067779bbc02bcdcfb2,2019-08-29T16:50:29.89Z
165,klook,131503591673817,500.00,CNY,30019b3d80d340977714c68ce935dbf2,2019-08-29T16:50:29.89Z
166,klook,995873139484824,500.00,CNY,631e6d29db824eb947be848def9e3a93,2019-08-29T16:50:29.89Z
167,klook,406795700724447,500.00,CNY,53ab49cba9c74fed69d9cbd79a2deb3b,2019-08-29T16:50:29.89Z
168,klook,300443846186606,500.00,CNY,25ceada846fd4a77636b8502824d4a39,2019-08-29T16:50:29.89Z
169,klook,299897312053531,500.00,CNY,794915d22f26487750c7163da7b50c5f,2019-08-29T16:50:29.89Z
170,klook,251247237648327,500.00,CNY,ec5b5a24a4064b9b6718f16e3f32126a,2019-08-29T16:50:29.89Z
171,klook,716062820836533,500.00,CNY,48a7c338dd9f43f9521c73644bb7bf1f,2019-08-29T16:50:29.89Z
172,klook,887446845900071,500.00,CNY,9df7c0c6639f496c432e098e8ef98ecc,2019-08-29T16:50:29.89Z
173,klook,422856665233089,500.00,CNY,3776b988b535451243e223e4601d0ee5,2019-08-29T16:50:29.89Z
174,klook,243768378675216,500.00,CNY,fa37668e86374e8b4f75e2adaa9e545a,2019-08-29T16:50:29.89Z
175,klook,727047548637900,500.00,CNY,b1fcf9521c5d4cc673838f7ecdb6aefb,2019-08-29T16:50:29.89Z
176,klook,619321543737045,500.00,CNY,3fb41061310043a04a3ac4c6de0170b7,2019-08-29T16:50:29.89Z
177,klook,114464309497260,500.00,CNY,c4de71c9dca84b8b54dbe183cded18a9,2019-08-29T16:50:29.89Z
178,klook,631051189743025,500.00,CNY,5c368e0faac04f2466a6e70ddfd4dca4,2019-08-29T16:50:29.89Z
179,klook,863779844852306,500.00,CNY,8dd981d69d3f4fed70a4b0ccbbeca688,2019-08-29T16:50:29.89Z
180,klook,237627327187486,500.00,CNY,11ee7debef5e4dbd65386550e8d4e883,2019-08-29T16:50:29.89Z
181,klook,368774209536135,500.00,CNY,6eb17c5dc79d44de6d73e3ba4eddddc7,2019-08-29T16:50:29.89Z
182,klook,315572174045059,500.00,CNY,cb501de1317b4fb771df0b762c5f243a,2019-08-29T16:50:29.89Z
183,klook,876799320538530,500.00,CNY,cb84a29e54df4b6e75db47f22e587d7e,2019-08-29T16:50:29.89Z
184,klook,301591904666930,500.00,CNY,aac2f66f4613494847ed060c9676f9d6,2019-08-29T16:50:29.89Z
185,klook,895394704801500,500.00,CNY,9f6464ded4224e3b6c8c11d9bb6f8773,2019-08-29T16:50:29.89Z
186,klook,133938193706163,500.00,CNY,fd675f18025c41be6de692fe0eb6098b,2019-08-29T16:50:29.89Z
187,klook,794008966504815,500.00,CNY,1f428a91d3e74a8676e4c33576f31b1b,2019-08-29T16:50:29.89Z
188,klook,681305175683535,500.00,CNY,9bd1abc689a1480875dd693ab66458e9,2019-08-29T16:50:29.89Z
189,klook,146124035281349,500.00,CNY,9d86ff3f17094549694dc0714686969b,2019-08-29T16:50:29.89Z
190,klook,806818655141664,500.00,CNY,55f3d6ef79fa462b7f85c53d54f162c7,2019-08-29T16:50:29.89Z
191,klook,113396682892273,500.00,CNY,9a0ff600adf64dc77d08845cad9f27ac,2019-08-29T16:50:29.89Z
192,klook,207851061281475,500.00,CNY,4ea5049eb7cf47994d6054486845fdab,2019-08-29T16:50:29.89Z
193,klook,785956582331639,500.00,CNY,c677ff90ab034fd87814d9aec6292f8b,2019-08-29T16:50:29.89Z
194,klook,956127282176047,500.00,CNY,ac37f7ed88ad4a596f4baf00599464b3,2019-08-29T16:50:29.89Z
195,klook,130893773788781,500.00,CNY,5637821e67504235754f41549a956729,2019-08-29T16:50:29.89Z
196,klook,586348103685067,500.00,CNY,f13f32a4749a41e24d6903d5b23a53f9,2019-08-29T16:50:29.89Z
197,klook,948213033091006,500.00,CNY,fc821811d0244e625e110689f9915877,2019-08-29T16:50:29.89Z
198,klook,266122702519582,500.00,CNY,fab9a928a6d54b9a6b74b3b9c5747f38,2019-08-29T16:50:29.89Z
199,klook,196974267248664,500.00,CNY,590e94f9a1634ea16d1c3c8865b1a2c3,2019-08-29T16:50:29.89Z
200,klook,798624207071991,500.00,CNY,5eb22ae531f84c6c5ee330cfd4e48895,2019-08-29T16:50:29.89Z
201,klook,441467225574755,500.00,CNY,6d9b03ee058c41e460bb92a1f635f528,2019-08-29T16:50:29.89Z
202,klook,546892746771088,500.00,CNY,a5c969fdcb8146317429546d67b7d1f8,2019-08-29T16:50:29.89Z
203,klook,138834003220789,500.00,CNY,7514236561d7490c61ce0cedb5102ab3,2019-08-29T16:50:29.89Z
204,klook,259917061194006,500.00,CNY,184c0036b10c4788708764b3abf85a4c,2019-08-29T16:50:29.89Z
205,klook,134950847838916,500.00,CNY,2d0d3be000304e22476b1874297770d9,2019-08-29T16:50:29.89Z
206,klook,185054932009821,500.00,CNY,a20357a320854d8748724c488d3ebba7,2019-08-29T16:50:29.89Z
207,klook,727352778156526,500.00,CNY,6fabb710255b40bc44edbda5eb3870ba,2019-08-29T16:50:29.89Z
208,klook,726632579473660,500.00,CNY,3acb2db68f9d457c7126f1470e9631e1,2019-08-29T16:50:29.89Z
209,klook,745943534092614,500.00,CNY,d2ddc50377264ebc6349d69010fe2c03,2019-08-29T16:50:29.89Z
210,klook,243039746213769,500.00,CNY,e64287b8189e4c19751240dccf0c1e3c,2019-08-29T16:50:29.89Z
211,klook,376656937227357,500.00,CNY,d9b6559fd6f346b16bf646b394ffe63b,2019-08-29T16:50:29.89Z
212,klook,653596398633812,500.00,CNY,f5ab63bf235749a76a3cc35b447dff3f,2019-08-29T16:50:29.89Z
213,klook,476892626450193,500.00,CNY,a9bc4940acbf45277158704b7a49dcdc,2019-08-29T16:50:29.89Z
214,klook,178794386985180,500.00,CNY,a13de79dadb74b036151dbd7a4654899,2019-08-29T16:50:29.89Z
215,klook,626435984351418,500.00,CNY,7ec02ecb4aa04aa364a39d53276fd2d0,2019-08-29T16:50:29.89Z
216,klook,339390845889571,500.00,CNY,3a2008c5eade46b467c34a54991febf2,2019-08-29T16:50:29.89Z
217,klook,921395848247348,500.00,CNY,2a2903ab7fb34ec6668324641f676c33,2019-08-29T16:50:29.89Z
218,klook,720355090798488,500.00,CNY,930c7e5a33774838468836dc1d7968f9,2019-08-29T16:50:29.89Z
219,klook,732472558230760,500.00,CNY,a7728ecee28a47cc53408d9945979f74,2019-08-29T16:50:29.89Z
220,klook,467905907887172,500.00,CNY,bfaefec4d2934f164508fd6b7704496f,2019-08-29T16:50:29.89Z
221,klook,869556471219283,500.00,CNY,74d4bf83ca9e4cc67b5cd6e3d368a9bd,2019-08-29T16:50:29.89Z
222,klook,949575061276525,500.00,CNY,315431bf28294a44711bbe3bf05eebce,2019-08-29T16:50:29.89Z
223,klook,353575056579518,500.00,CNY,6dda0852574c45f37af1c5d30c5c8bb6,2019-08-29T16:50:29.89Z
224,klook,977129764233960,500.00,CNY,a852045ba15f4a7a5e12299a2da062a3,2019-08-29T16:50:29.89Z
225,klook,835895815226796,500.00,CNY,110c4473c8b643365adb3ea5020eddf0,2019-08-29T16:50:29.89Z
226,klook,838614533200287,500.00,CNY,a887f86e6a804ada5d8d944a2c2752be,2019-08-29T16:50:29.89Z
227,klook,877926625317999,500.00,CNY,1aa4e1b97d9c4bf956af3640ab31f506,2019-08-29T16:50:29.89Z
228,klook,476923770969852,500.00,CNY,3aeccb62d4484b714fcf0449e8bd2001,2019-08-29T16:50:29.89Z
229,klook,449860436304133,500.00,CNY,1034004e53c841ee5bd2020ac215dea1,2019-08-29T16:50:29.89Z
230,klook,501943933458467,500.00,CNY,327afb6c68c9469270eda66759ab6335,2019-08-29T16:50:29.89Z
231,klook,670294135070450,500.00,CNY,2a9a05c52a764f2e6aacc5df64a7ba34,2019-08-29T16:50:29.89Z
232,klook,728966706514746,500.00,CNY,b25fa45a1da54fb1554c04d7a96bc337,2019-08-29T16:50:29.89Z
233,klook,180864284285116,500.00,CNY,f208fa49d11d45c351b102586a32fd39,2019-08-29T16:50:29.89Z
234,klook,775408590811748,500.00,CNY,cdfcaa3ea9e64938425a5c914116b27c,2019-08-29T16:50:29.89Z
235,klook,156044143229417,500.00,CNY,249bd8a544a543197f2bb80a65db9d4e,2019-08-29T16:50:29.89Z
236,klook,442404955178708,500.00,CNY,8e562753ddb44135741db2fd86b522c7,2019-08-29T16:50:29.89Z
237,klook,478667900105566,500.00,CNY,4d8dd66d842f467667fab546763272ea,2019-08-29T16:50:29.89Z
238,klook,109185241404861,500.00,CNY,c5955a68b0e14ab776a980731bbf9e12,2019-08-29T16:50:29.89Z
239,klook,934514293890979,500.00,CNY,5fded081a9ef41647282af3ce734b68c,2019-08-29T16:50:29.89Z
240,klook,279793607804005,500.00,CNY,5effb577cd6545824804ad1c59c0fe29,2019-08-29T16:50:29.89Z
241,klook,358583533099664,500.00,CNY,0e270912277442f0756c1292dd0f4554,2019-08-29T16:50:29.89Z
242,klook,684421785632134,500.00,CNY,f66e874008314f4f7275dab3ebb09584,2019-08-29T16:50:29.89Z
243,klook,940010209255465,500.00,CNY,9bdc48042d0c42ea474bbb707f1b041b,2019-08-29T16:50:29.89Z
244,klook,410178288087450,500.00,CNY,32e13c13e57546de5a5af1789ed8e863,2019-08-29T16:50:29.89Z
245,klook,322820760730588,500.00,CNY,511c305816124f5748aefb171e8f75a0,2019-08-29T16:50:29.89Z
246,klook,643953319307766,500.00,CNY,9b25d84ffb0346c271ce8473b4dbaec7,2019-08-29T16:50:29.89Z
247,klook,837739306382473,500.00,CNY,2b0c7fa7fb2e4dfa7d36a5133cc5149a,2019-08-29T16:50:29.89Z
248,klook,861677237453284,500.00,CNY,cb95cfee3e1847ee6fe51f98774f7bf2,2019-08-29T16:50:29.89Z
249,klook,455362551472147,500.00,CNY,ba9407848a164f5448ec8af16132407d,2019-08-29T16:50:29.89Z
250,klook,827120267601837,500.00,CNY,578ece8fdd754a016c0eb3a30d7bc424,2019-08-29T16:50:29.89Z
251,klook,369568180868967,500.00,CNY,8f27e29be6e549e4702f296c1227eea7,2019-08-29T16:50:29.89Z
252,klook,547584518595292,500.00,CNY,9443ebf24d594770610583aa4915fe78,2019-08-29T16:50:29.89Z
253,klook,415117915042173,500.00,CNY,54c1f603d71a46b75bd798000b2fba8b,2019-08-29T16:50:29.89Z
254,klook,223814081620261,500.00,CNY,db06ea04cecf4b3e4464d67e3c51e73f,2019-08-29T16:50:29.89Z
255,klook,463292391894755,500.00,CNY,62294758ec9c43235a84f05acb18c880,2019-08-29T16:50:29.89Z
256,klook,248951089582418,500.00,CNY,db6ea64ecae04cfc59fc719400270d6f,2019-08-29T16:50:29.89Z
257,klook,862749899738647,500.00,CNY,a7d8e104cdbf4e6451f3dfb58b3fc17d,2019-08-29T16:50:29.89Z
258,klook,124582310915056,500.00,CNY,ff77af091e634b6f7abbd4307e404372,2019-08-29T16:50:29.89Z
259,klook,508419106812819,500.00,CNY,f060961ced8e4f5750f18718409e0c57,2019-08-29T16:50:29.89Z
260,klook,759897816270802,500.00,CNY,1329e196e52f4e1561a922cb5ec30bf9,2019-08-29T16:50:29.89Z
261,klook,779058083988603,500.00,CNY,5d2f128a43dc42dc72e81d82ff84b9e0,2019-08-29T16:50:29.89Z
262,klook,151529699194381,500.00,CNY,26d820b56d354ebb6a229936ddd64213,2019-08-29T16:50:29.89Z
263,klook,171036933242264,500.00,CNY,0d96735c83594ad2627615bb2b8eed0b,2019-08-29T16:50:29.89Z
264,klook,393088370664202,500.00,CNY,12cc883fd0394e2658383426841595bb,2019-08-29T16:50:29.89Z
265,klook,122116696193051,500.00,CNY,35860065c0c4404f6815b8f3979e3b7d,2019-08-29T16:50:29.89Z
266,klook,614720966776433,500.00,CNY,8d769a820386467b4f09d4925aca6774,2019-08-29T16:50:29.89Z
267,klook,592516174555705,500.00,CNY,c18466857b934ad160621a633e6d4796,2019-08-29T16:50:29.89Z
268,klook,128363249357163,500.00,CNY,725eb7b94c7240884783933c2ba77fe6,2019-08-29T16:50:29.89Z
269,klook,149283597652502,500.00,CNY,dba3dd82ef96419075309adc522dd296,2019-08-29T16:50:29.89Z
270,klook,566402469102282,500.00,CNY,8d03be025b454b555197b6835b7eef52,2019-08-29T16:50:29.89Z
271,klook,387256187638779,500.00,CNY,eca632259f04474c63724c35789e8884,2019-08-29T16:50:29.89Z
272,klook,547952145672063,500.00,CNY,50e7e8f444254991653a8843eca6c128,2019-08-29T16:50:29.89Z
273,klook,220631691558955,500.00,CNY,2da5ba2a0e6d44cb5be1806f02a36706,2019-08-29T16:50:29.89Z
274,klook,124155472730556,500.00,CNY,d6efbc3bed0b49ae4f6931b14d6f3a14,2019-08-29T16:50:29.89Z
275,klook,763687727390054,500.00,CNY,a74d3392306649c972e3fa7fbcfc57b0,2019-08-29T16:50:29.89Z
276,klook,661763864442585,500.00,CNY,db2bb6deea6b4cf250e8a43f8d206b24,2019-08-29T16:50:29.89Z
277,klook,377089357483701,500.00,CNY,8ad5f9a97c3b472278ca733c351b630d,2019-08-29T16:50:29.89Z
278,klook,895753623296662,500.00,CNY,1d137dd6bf9442876da53744b0ed13c5,2019-08-29T16:50:29.89Z
279,klook,829804696165962,500.00,CNY,a0064aab7ff848b46cf15b8ceab3387c,2019-08-29T16:50:29.89Z
280,klook,506939405813340,500.00,CNY,262c63f58a0946b67dbf87a6d418bcf8,2019-08-29T16:50:29.89Z
281,klook,280388171292718,500.00,CNY,bad2cf0623b3404c75904c696eefbfb3,2019-08-29T16:50:29.89Z
282,klook,808407737185769,500.00,CNY,27e2a91386144d7b5a1812de85a531bb,2019-08-29T16:50:29.89Z
283,klook,988787986417405,500.00,CNY,fd68a57d8f3e46f94c34a54ea534f14b,2019-08-29T16:50:29.89Z
284,klook,124755625662555,500.00,CNY,a7adef7e922c4c9b57c0047a22e02db2,2019-08-29T16:50:29.89Z
285,klook,158364156375187,500.00,CNY,c0e062a98e4e424f46f60460051923e7,2019-08-29T16:50:29.89Z
286,klook,267850934177223,500.00,CNY,37b9cebde1784acb4d349ec344a30d7a,2019-08-29T16:50:29.89Z
287,klook,881180901341948,500.00,CNY,664ef621dc0a4c3f409eaf0cd12b98db,2019-08-29T16:50:29.89Z
288,klook,429465515881513,500.00,CNY,a6816f705acb40ad637350b8edcd900a,2019-08-29T16:50:29.89Z
289,klook,995764193132506,500.00,CNY,a297294503da441e406795bacc184a64,2019-08-29T16:50:29.89Z
290,klook,239224974985120,500.00,CNY,b0a2f2d170254c6c5e9697b0623a662c,2019-08-29T16:50:29.89Z
291,klook,861146870077136,500.00,CNY,11b718fab84a48744a6a4967a7ffc29c,2019-08-29T16:50:29.89Z
292,klook,648171733339753,500.00,CNY,f3d69fa5f1d4407b43d11a39bf282006,2019-08-29T16:50:29.89Z
293,klook,630491806180338,500.00,CNY,2a2f21fc6200400070627d9ddbc380f2,2019-08-29T16:50:29.89Z
294,klook,366702817896325,500.00,CNY,b7a1f4401917452e6e89f245be53b589,2019-08-29T16:50:29.89Z
295,klook,510929958355707,500.00,CNY,b562b8906b3b4af741d9a691acc7dc8a,2019-08-29T16:50:29.89Z
296,klook,471936187064102,500.00,CNY,07176ccaffa7464f463848646a887fc5,2019-08-29T16:50:29.89Z
297,klook,962058875901865,500.00,CNY,6992a893cf494b7b5fe30844256ee552,2019-08-29T16:50:29.89Z
298,klook,764026760396593,500.00,CNY,a51083d454af40fc642e57ce1f3e4aad,2019-08-29T16:50:29.89Z
299,klook,635447065875232,500.00,CNY,326a12e48704459e62c23c6df0f10438,2019-08-29T16:50:29.89Z
300,klook,635028316739336,500.00,CNY,50f1c6ef0bbe4f8b4e0a74665638f66f,2019-08-29T16:50:29.89Z
301,klook,115174210768700,500.00,CNY,4d5d07393a0e481e664945505ddf1e60,2019-08-29T16:50:29.89Z
302,klook,874860141893104,500.00,CNY,a3922e65dfff412b5dcc24d4c7ba99ac,2019-08-29T16:50:29.89Z
303,klook,139692357675423,500.00,CNY,92cfe702db3b48f15a59c91af61e61f6,2019-08-29T16:50:29.89Z
304,klook,551707320695042,500.00,CNY,147108cb3db4440278a5ff23d5738716,2019-08-29T16:50:29.89Z
305,klook,472471926094873,500.00,CNY,c134f224334a4aaf511dfefa0fcb2262,2019-08-29T16:50:29.89Z
306,klook,780760368548657,500.00,CNY,bbbc597bfe4f483e641fde74452ddca8,2019-08-29T16:50:29.89Z
307,klook,407384570716387,500.00,CNY,74e8b685ca1448d6560fa76c95243319,2019-08-29T16:50:29.89Z
308,klook,167731131541236,500.00,CNY,b105bfdd4ee3457862141e49e512084e,2019-08-29T16:50:29.89Z
309,klook,723488447568533,500.00,CNY,900b296b981546466857a4c9ffc03150,2019-08-29T16:50:29.89Z
310,klook,353342669951721,500.00,CNY,7d3e8d3e757145224bc7848e1bf982a3,2019-08-29T16:50:29.89Z
311,klook,528811996357391,500.00,CNY,cae45543e54646d543cf15ec48211a32,2019-08-29T16:50:29.89Z
312,klook,127463099849055,500.00,CNY,d41116b2b0de477a76bf85a6979c6c93,2019-08-29T16:50:29.89Z
313,klook,580138561105085,500.00,CNY,43a5e41a47dd4c53710fd31544300d62,2019-08-29T16:50:29.89Z
314,klook,992642842751483,500.00,CNY,877bf25a6c77489073bbb53211838980,2019-08-29T16:50:29.89Z
315,klook,940097185589176,500.00,CNY,3fa63c9d108549675bc5c5d31bab2d9a,2019-08-29T16:50:29.89Z
316,klook,464312492889401,500.00,CNY,1ec0a2b210204bac5e08dfe2dea66e77,2019-08-29T16:50:29.89Z
317,klook,803279782043646,500.00,CNY,561f34a7af3d45cd572022ecab598928,2019-08-29T16:50:29.89Z
318,klook,869696875999771,500.00,CNY,195453f7f0ee437f43516fbda11548dd,2019-08-29T16:50:29.89Z
319,klook,891275480568945,500.00,CNY,954c976226c84c056e8ed57b7dd5974a,2019-08-29T16:50:29.89Z
320,klook,655697731894279,500.00,CNY,5614b3cdfec641cb69911a23c8f8287d,2019-08-29T16:50:29.89Z
321,klook,105926393085721,500.00,CNY,e9b0bf64436d460e6df26a2f49858557,2019-08-29T16:50:29.89Z
322,klook,887414444174867,500.00,CNY,e2fa5a8dd03646e27d8853f6b32a3d84,2019-08-29T16:50:29.89Z
323,klook,919121951421716,500.00,CNY,89cbfa903d9041237947ea83eb774653,2019-08-29T16:50:29.89Z
324,klook,621656268986465,500.00,CNY,e47e0d850a30458c6ccafcb166a8ec32,2019-08-29T16:50:29.89Z
325,klook,377983783769251,500.00,CNY,b10b4fad2b314d89601f926486d077cb,2019-08-29T16:50:29.89Z
326,klook,392387685907980,500.00,CNY,8c3a9ce181b2426173591e687c34555b,2019-08-29T16:50:29.89Z
327,klook,207019269753694,500.00,CNY,7892be0e003c44267d955373140a462f,2019-08-29T16:50:29.89Z
328,klook,684608252025065,500.00,CNY,6be71d773637408856d8d54e3fb226a0,2019-08-29T16:50:29.89Z
329,klook,866986665319557,500.00,CNY,1cb42e1168bf48194ab147bc288bf05d,2019-08-29T16:50:29.89Z
330,klook,352413354561255,500.00,CNY,783e333d4c6e44d643a5137b04799c21,2019-08-29T16:50:29.89Z
331,klook,839680774866963,500.00,CNY,42d482947d104f584947ec5fe7a0415f,2019-08-29T16:50:29.89Z
332,klook,545104087049347,500.00,CNY,f2a7a71360dd461e72b5a0537486ce3b,2019-08-29T16:50:29.89Z
333,klook,881357271639285,500.00,CNY,ed26c23be5364c9a598a9b18c0434236,2019-08-29T16:50:29.89Z
334,klook,799438604582030,500.00,CNY,c80198ffd8cf43805e6630dd28f59563,2019-08-29T16:50:29.89Z
335,klook,386198631786227,500.00,CNY,eac013762259474775be41255501d3b3,2019-08-29T16:50:29.89Z
336,klook,486652868657090,500.00,CNY,4efdf8c7753c431a46a2264c2ac9a39a,2019-08-29T16:50:29.89Z
337,klook,321099641855648,500.00,CNY,1e73bd0912654a3b45de59725c4f176d,2019-08-29T16:50:29.89Z
338,klook,712105232451863,500.00,CNY,202a3210bf2c4f9c434e1de7b022a14f,2019-08-29T16:50:29.89Z
339,klook,383681073173957,500.00,CNY,eb7adfffaccb43ce73acd99be93f7e7f,2019-08-29T16:50:29.89Z
340,klook,234111271113441,500.00,CNY,99ea30c95afd46456276ab06e547038a,2019-08-29T16:50:29.89Z
341,klook,593321755084732,500.00,CNY,3c29c8326d9e4df264031d76b1272a2b,2019-08-29T16:50:29.89Z
342,klook,882667668773955,500.00,CNY,5dd11d84e125480d50698484063f14cb,2019-08-29T16:50:29.89Z
343,klook,335319376787365,500.00,CNY,47316043795e47897be1d69b11f63c93,2019-08-29T16:50:29.89Z
344,klook,461460196432426,500.00,CNY,3cef6ea94cc14d2e537ab6b03ddf8385,2019-08-29T16:50:29.89Z
345,klook,332377506889549,500.00,CNY,342c8e33828841476e8fd03ab3642340,2019-08-29T16:50:29.89Z
346,klook,105275493850099,500.00,CNY,781f2d32d630453856ab6b1230aec533,2019-08-29T16:50:29.89Z
347,klook,400726451077086,500.00,CNY,7b325df64b2149e067b035a5c2db164d,2019-08-29T16:50:29.89Z
348,klook,103606572931847,500.00,CNY,87dc0907f7734abf4ebfb2202bbd570a,2019-08-29T16:50:29.89Z
349,klook,551465030880488,500.00,CNY,c0aefad58308480772b29cec639adf1d,2019-08-29T16:50:29.89Z
350,klook,371402635485001,500.00,CNY,daa64c03d304430c6680d8743566ade6,2019-08-29T16:50:29.89Z
351,klook,457268077551194,500.00,CNY,230da7afc0494adb75d32bb66c715257,2019-08-29T16:50:29.89Z
352,klook,533545467096600,500.00,CNY,7cd9155147164618713922ae8beb109a,2019-08-29T16:50:29.89Z
353,klook,138804616215214,500.00,CNY,98c6948cb21a41b861e36aedc2d58a07,2019-08-29T16:50:29.89Z
354,klook,585937430503176,500.00,CNY,6ad52f1e87cc461f5347588087eafc1b,2019-08-29T16:50:29.89Z
355,klook,533881125810366,500.00,CNY,1d54019d34a6440853d9824d5fb9980c,2019-08-29T16:50:29.89Z
356,klook,424014822259890,500.00,CNY,41a250522b3c413666ca2db085323302,2019-08-29T16:50:29.89Z
357,klook,353310928923472,500.00,CNY,8bd352dce5e94e1970cbbeef32baccf2,2019-08-29T16:50:29.89Z
358,klook,276107645145030,500.00,CNY,4356c5aa306342e44e0aa4e97c00f61d,2019-08-29T16:50:29.89Z
359,klook,692706190683374,500.00,CNY,545e25094e4144d060e7d566c943e4e8,2019-08-29T16:50:29.89Z
360,klook,922438839257742,500.00,CNY,acea8ae254cb46a549756db0edbd5e15,2019-08-29T16:50:29.89Z
361,klook,340870928984727,500.00,CNY,776e37e413f84f9e4c980c9875f38b4b,2019-08-29T16:50:29.89Z
362,klook,738766351895984,500.00,CNY,82b36322e03e48d07440b74a2eecc351,2019-08-29T16:50:29.89Z
363,klook,255262693832625,500.00,CNY,e0244004e13a4449487f4a05e3738304,2019-08-29T16:50:29.89Z
364,klook,820150959296726,500.00,CNY,755def318a084d4254a944d726f7270a,2019-08-29T16:50:29.89Z
365,klook,878326430393741,500.00,CNY,adf73206f3ca4c8e7977cbcc9e020658,2019-08-29T16:50:29.89Z
366,klook,792805251509988,500.00,CNY,227de56620394e246c244b3157965a77,2019-08-29T16:50:29.89Z
367,klook,190443723317468,500.00,CNY,43b2c69df14449ff5505025bc056e121,2019-08-29T16:50:29.89Z
368,klook,805131078898813,500.00,CNY,c91097823c6b488b508a326d9b443577,2019-08-29T16:50:29.89Z
369,klook,239299398411777,500.00,CNY,3807e58794a14678642e473d0ad585f9,2019-08-29T16:50:29.89Z
370,klook,235426978954287,500.00,CNY,233d0b75210245c95add2f742a8b7778,2019-08-29T16:50:29.89Z
371,klook,326526256166908,500.00,CNY,22a5115a8c1e477679ed1c91a509ca3c,2019-08-29T16:50:29.89Z
372,klook,847873516050030,500.00,CNY,b0bcc6787cb4410d43133c81bf9d2174,2019-08-29T16:50:29.89Z
373,klook,767634514893816,500.00,CNY,0ce4c3b12a32487664668eb94a414607,2019-08-29T16:50:29.89Z
374,klook,960811099662087,500.00,CNY,66db9f8362884c7b6656a27a51833a2b,2019-08-29T16:50:29.89Z
375,klook,766703334367451,500.00,CNY,d42b241379ac44765ed99ff6b5ef571b,2019-08-29T16:50:29.89Z
376,klook,437908689586351,500.00,CNY,64641bd5c105431c670c13107bfa7084,2019-08-29T16:50:29.89Z
377,klook,846145948463229,500.00,CNY,b82a8fdcec8146cf6f2a92cafb3a3a55,2019-08-29T16:50:29.89Z
378,klook,545665041902904,500.00,CNY,78540b0fb1aa431947910d7972a3a0ea,2019-08-29T16:50:29.89Z
379,klook,872755390272623,500.00,CNY,1574b89d385f4e6f65756dc9a0b693ef,2019-08-29T16:50:29.89Z
380,klook,615302244817889,500.00,CNY,41575061955847204c1070c8de1b740d,2019-08-29T16:50:29.89Z
381,klook,903372855514120,500.00,CNY,f3c622981e9c4369758323d0ce1957e4,2019-08-29T16:50:29.89Z
382,klook,326204480102960,500.00,CNY,33367cec7e0745ff7910257dd533c3bf,2019-08-29T16:50:29.89Z
383,klook,255825406269752,500.00,CNY,ce984bc96c6641634a9a9adf4aa60f08,2019-08-29T16:50:29.89Z
384,klook,229123859951102,500.00,CNY,da27861a86d6479241bca971be8cda46,2019-08-29T16:50:29.89Z
385,klook,788763567342246,500.00,CNY,dc77e067505b45757b13299323cce348,2019-08-29T16:50:29.89Z
386,klook,997370933102015,500.00,CNY,a7bcd4ba20af411e68e5c5388d0d3b80,2019-08-29T16:50:29.89Z
387,klook,610392211271520,500.00,CNY,0ac815ae2d5f4e72419994d0c3a39bd8,2019-08-29T16:50:29.89Z
388,klook,556064533870443,500.00,CNY,d83f9df7893545787bd74a011fe501a6,2019-08-29T16:50:29.89Z
389,klook,406493954482820,500.00,CNY,b3d671edf469456655afbe8e50184b01,2019-08-29T16:50:29.89Z
390,klook,491551049239249,500.00,CNY,d38c3a06924840fa5d1e5a6d6ceb68e1,2019-08-29T16:50:29.89Z
391,klook,820827203959661,500.00,CNY,4c54adab81d3497d742b015815addce1,2019-08-29T16:50:29.89Z
392,klook,646236676657286,500.00,CNY,0ebbd61814db4c717d6cffbcbae1816b,2019-08-29T16:50:29.89Z
393,klook,120934447746364,500.00,CNY,ad721b5f5c184a2252dfc826df9ec343,2019-08-29T16:50:29.89Z
394,klook,619389809882015,500.00,CNY,660d516a64d94cba47febb292599eca1,2019-08-29T16:50:29.89Z
395,klook,887730392014580,500.00,CNY,ee5741c04d7a454a64f3b4bece2aa489,2019-08-29T16:50:29.89Z
396,klook,598735835080324,500.00,CNY,52a6e6d1868645906035b9dc875e5f10,2019-08-29T16:50:29.89Z
397,klook,559358699621490,500.00,CNY,39bf4691c8ef4e466e18e4bc3c3cc6ac,2019-08-29T16:50:29.89Z
398,klook,287175503170478,500.00,CNY,3cb6730324ac4ec74ebd2aa27b48fa17,2019-08-29T16:50:29.89Z
399,klook,624492164830964,500.00,CNY,798c57f17bd7454b76f137b3d6b8f30a,2019-08-29T16:50:29.89Z
400,klook,477059512602142,500.00,CNY,1e73d45b17734c2e4b3604ca0178a65c,2019-08-29T16:50:29.89Z
401,klook,844107571305808,500.00,CNY,f960565c25d84e06457cf445578c3625,2019-08-29T16:50:29.89Z
402,klook,642079360841622,500.00,CNY,040a8323a96a4a8b4e4134b240d57866,2019-08-29T16:50:29.89Z
403,klook,130378681207500,500.00,CNY,4971567d5dfd42ea5a60e3fb7de7f56d,2019-08-29T16:50:29.89Z
404,klook,824765448702225,500.00,CNY,a6de3fdca5814c797a9ef3faa9a134dd,2019-08-29T16:50:29.89Z
405,klook,131929175806298,500.00,CNY,b3c568c9ac9a44d468c17de94aa0bf7b,2019-08-29T16:50:29.89Z
406,klook,708327789983922,500.00,CNY,bb8e71d4e3be4a3c48ef0b1f1f113034,2019-08-29T16:50:29.89Z
407,klook,157919316716501,500.00,CNY,54ac6686be1e4c8250329424c71521a0,2019-08-29T16:50:29.89Z
408,klook,158565634241766,500.00,CNY,d71f4ac85d834b5e4ab66ff4048e180b,2019-08-29T16:50:29.89Z
409,klook,285477103740881,500.00,CNY,8139c3bfa03847b767ab1611d1f92d09,2019-08-29T16:50:29.89Z
410,klook,317516724053762,500.00,CNY,41cbe09330f5481b6ef9b7bc6a1f48ca,2019-08-29T16:50:29.89Z
411,klook,219432702839609,500.00,CNY,89f7186d77c643324937eaeb74a5ee06,2019-08-29T16:50:29.89Z
412,klook,600771187356076,500.00,CNY,1b50d660770244835b7e58d0dabbb42f,2019-08-29T16:50:29.89Z
413,klook,185865286668634,500.00,CNY,6fe6b349149d44757a9c733d9fc6e24b,2019-08-29T16:50:29.89Z
414,klook,862458084210219,500.00,CNY,9d46925ee98b46f65989adf24a10ffb9,2019-08-29T16:50:29.89Z
415,klook,263702736658626,500.00,CNY,7619445fef2e4df253f512d7691eab63,2019-08-29T16:50:29.89Z
416,klook,824540009190341,500.00,CNY,e06436731fcb48b057556c1143abf938,2019-08-29T16:50:29.89Z
417,klook,879361863497475,500.00,CNY,507d508fea7649507d91087339ab9808,2019-08-29T16:50:29.89Z
418,klook,407287339336726,500.00,CNY,f01f7369162a4f335b28578297569920,2019-08-29T16:50:29.89Z
419,klook,354927547012363,500.00,CNY,edd366a02cd6431e70da9afcf05e2ae8,2019-08-29T16:50:29.89Z
420,klook,510184589755840,500.00,CNY,67ec3908937443e870b7df2c4a2e26b4,2019-08-29T16:50:29.89Z
421,klook,903058454943160,500.00,CNY,17843cda68dc46cb76e0daa25329bfd3,2019-08-29T16:50:29.89Z
422,klook,184723634411485,500.00,CNY,5241e08c73f24ccd7a358917b73753ca,2019-08-29T16:50:29.89Z
423,klook,459818811491751,500.00,CNY,9558159e0b4347db562771baa428fbc9,2019-08-29T16:50:29.89Z
424,klook,431563356138555,500.00,CNY,b9ce741a2260465b478dd67f897aa786,2019-08-29T16:50:29.89Z
425,klook,947151078180263,500.00,CNY,32f3e1b26acf47ef4496b295a8921023,2019-08-29T16:50:29.89Z
426,klook,580360216708713,500.00,CNY,3f567322d8cc4040551afa787e05da72,2019-08-29T16:50:29.89Z
427,klook,655797539205907,500.00,CNY,7d778aa0d88249ab451aa8470fa8c6b0,2019-08-29T16:50:29.89Z
428,klook,136721130594387,500.00,CNY,99e380974eb843556b73f6e60fb6ed46,2019-08-29T16:50:29.89Z
429,klook,185164301646371,500.00,CNY,53b951ceea7e4eb36e915ef21cc8bddf,2019-08-29T16:50:29.89Z
430,klook,868868828740852,500.00,CNY,b9bc06b3f06d4a827bd4674f157afdf7,2019-08-29T16:50:29.89Z
431,klook,878691367221355,500.00,CNY,854b9de7e69447d05f4246bbd40fb5d8,2019-08-29T16:50:29.89Z
432,klook,854419527547986,500.00,CNY,ad35656763bf4fb642c4b8fdde1c0e5a,2019-08-29T16:50:29.89Z
433,klook,491694484790368,500.00,CNY,0386dc2fc7e84139432398f24b030f13,2019-08-29T16:50:29.89Z
434,klook,843507158151766,500.00,CNY,11cf767d58424140430ea8695302932c,2019-08-29T16:50:29.89Z
435,klook,259224677702835,500.00,CNY,96a1037ccc0547915a33e4cd3ed72dbb,2019-08-29T16:50:29.89Z
436,klook,110883907333135,500.00,CNY,775609ad240544f96e1e7140f0ce3649,2019-08-29T16:50:29.89Z
437,klook,684579119747693,500.00,CNY,ab3b0ac7c83a482059aacb07ce1925ad,2019-08-29T16:50:29.89Z
438,klook,870606556454037,500.00,CNY,ba32c4e71a4c4e4f4729770fc0d720ce,2019-08-29T16:50:29.89Z
439,klook,939269824785531,500.00,CNY,fcf623c17fe640df67fd240ddd62ab23,2019-08-29T16:50:29.89Z
440,klook,172080584958183,500.00,CNY,924408d224dd4df77f6f65595c8bf018,2019-08-29T16:50:29.89Z
441,klook,699458170131357,500.00,CNY,4cd3e5d088e0475b4a13a111f801c12c,2019-08-29T16:50:29.89Z
442,klook,992733695545659,500.00,CNY,3df7e64b960041bc660073c13bf44656,2019-08-29T16:50:29.89Z
443,klook,530860500870181,500.00,CNY,f4ab70e088bc4e864b3f7f3ac891964f,2019-08-29T16:50:29.89Z
444,klook,586992016740576,500.00,CNY,426a6ad24baf4436643ca697057a3652,2019-08-29T16:50:29.89Z
445,klook,379819513632919,500.00,CNY,1ec5a2899e144ad97a64d17daf6d043a,2019-08-29T16:50:29.89Z
446,klook,570614752590800,500.00,CNY,4c10b8934de54ec260442c316a826b31,2019-08-29T16:50:29.89Z
447,klook,512250940700459,500.00,CNY,f3298c5240f94ab46206bc9d4cc4389e,2019-08-29T16:50:29.89Z
448,klook,601377643244055,500.00,CNY,f8848530ac854bce63cff043d8333352,2019-08-29T16:50:29.89Z
449,klook,187260118918751,500.00,CNY,49dcfa4373f149fb4d712e2a89bab668,2019-08-29T16:50:29.89Z
450,klook,533594597397140,500.00,CNY,ed9cfe325a5944e4616aa16681fb6172,2019-08-29T16:50:29.89Z
451,klook,204758279104386,500.00,CNY,c83e4b3130cb48e44b22e71fc7f4d66f,2019-08-29T16:50:29.89Z
452,klook,815970545403800,500.00,CNY,f11022d475c44aa143cdc31764ed7b1a,2019-08-29T16:50:29.89Z
453,klook,131749232340066,500.00,CNY,ee350546753543105a05166394473a08,2019-08-29T16:50:29.89Z
454,klook,993939192669095,500.00,CNY,1ae48e450394430e61a6e7a1ec1b56b1,2019-08-29T16:50:29.89Z
455,klook,269945434096610,500.00,CNY,2122d1edf26440dc494bfcad8e194d7d,2019-08-29T16:50:29.89Z
456,klook,301371611451999,500.00,CNY,953b942e2c7c4dd5610c1e021053ea90,2019-08-29T16:50:29.89Z
457,klook,147973832436372,500.00,CNY,092fe1b138384ad4622543422228b6fc,2019-08-29T16:50:29.89Z
458,klook,248222118966309,500.00,CNY,07c51b4220d242ee6f48d391c9827009,2019-08-29T16:50:29.89Z
459,klook,332192338145276,500.00,CNY,1d711a5c362244455734065a49b3f3ef,2019-08-29T16:50:29.89Z
460,klook,351607959194492,500.00,CNY,400657ea34c64a9c70fd29a2a98f2538,2019-08-29T16:50:29.89Z
461,klook,479660964314407,500.00,CNY,05ba5465343444405ad776026d3d0740,2019-08-29T16:50:29.89Z
462,klook,406644251611601,500.00,CNY,4b84c606d86049624e126a0eec870ac1,2019-08-29T16:50:29.89Z
463,klook,332979835627098,500.00,CNY,190c4ad45ce8461b4289e9f84870d3c9,2019-08-29T16:50:29.89Z
464,klook,922524938112973,500.00,CNY,d0404dc249de4a734f921dd9236a4288,2019-08-29T16:50:29.89Z
465,klook,725135649673856,500.00,CNY,b0c215e44caf42495499bad9242bd6c2,2019-08-29T16:50:29.89Z
466,klook,602064193477840,500.00,CNY,812f47133909419b6d2e4f66d1942f24,2019-08-29T16:50:29.89Z
467,klook,358195265496184,500.00,CNY,4d5450ae0a5c43a866918bb8c1d358ec,2019-08-29T16:50:29.89Z
468,klook,907491331410120,500.00,CNY,05ac2e115bf4426b41f6c9091b872f0d,2019-08-29T16:50:29.89Z
469,klook,385809686492463,500.00,CNY,78cf6a5132af46724bb6d6e7f1f19bb7,2019-08-29T16:50:29.89Z
470,klook,602236183150088,500.00,CNY,b53e06e7a4234134560b907199017d6e,2019-08-29T16:50:29.89Z
471,klook,946691129958553,500.00,CNY,630eff94b778424648865805c5b69dce,2019-08-29T16:50:29.89Z
472,klook,286898422404880,500.00,CNY,3cc02ff8febd4237588016ec2a6ea060,2019-08-29T16:50:29.89Z
473,klook,138095794119729,500.00,CNY,2304528bc8cf41564107c19da6501928,2019-08-29T16:50:29.89Z
474,klook,801946584528214,500.00,CNY,3f2f5f2a84024f745182655480c4ea1b,2019-08-29T16:50:29.89Z
475,klook,235768394719539,500.00,CNY,d30faf8d0a08409d47505d5d021eba8e,2019-08-29T16:50:29.89Z
476,klook,567134963505966,500.00,CNY,c201a8f2fb264ffc7bb99c9fdd1e9da5,2019-08-29T16:50:29.89Z
477,klook,375213681352533,500.00,CNY,6af0b00fbb8040095e6d32f1010a295d,2019-08-29T16:50:29.89Z
478,klook,392881863707294,500.00,CNY,ca74df332c4c401a6fd07e84c11388c0,2019-08-29T16:50:29.89Z
479,klook,446340061302389,500.00,CNY,8bc2d9c9b7d7487261f6531dc310b6a7,2019-08-29T16:50:29.89Z
480,klook,357251168527761,500.00,CNY,31c5dbace2e84c52508201ceb66a4dc5,2019-08-29T16:50:29.89Z
481,klook,750063374983688,500.00,CNY,26642dedd9384331776a2e520aea15de,2019-08-29T16:50:29.89Z
482,klook,162615164880285,500.00,CNY,6b17d1ad48424d676b5acbab1755663c,2019-08-29T16:50:29.89Z
483,klook,206154057049997,500.00,CNY,70a48bd4ca824d607e8157fb584667b5,2019-08-29T16:50:29.89Z
484,klook,364683227764474,500.00,CNY,bf1c516c7fc04a84649cdba507998235,2019-08-29T16:50:29.89Z
485,klook,471685982857001,500.00,CNY,5bb60d9d7082416c689d4d5c10b36a9d,2019-08-29T16:50:29.89Z
486,klook,915536828249350,500.00,CNY,a8ae809317cf40065097d08877f349bf,2019-08-29T16:50:29.89Z
487,klook,941956316504475,500.00,CNY,d0abdfefbd2d49de5647861b16f424fd,2019-08-29T16:50:29.89Z
488,klook,138126384658764,500.00,CNY,5aca740b36b742aa73b42ac908fba1e9,2019-08-29T16:50:29.89Z
489,klook,408050886851936,500.00,CNY,ff610ddd58a54fa77498d423f57563a9,2019-08-29T16:50:29.89Z
490,klook,345748845695944,500.00,CNY,615d08eafd9448de654a6158943a9553,2019-08-29T16:50:29.89Z
491,klook,745000552128215,500.00,CNY,2a70575152704e827d68f5e146bccd83,2019-08-29T16:50:29.89Z
492,klook,304412379856643,500.00,CNY,d643d04f109a43b046fb1db5983ef055,2019-08-29T16:50:29.89Z
493,klook,743668315833153,500.00,CNY,884c2a443f634de25fe7b5a395c9084f,2019-08-29T16:50:29.89Z
494,klook,978664289327334,500.00,CNY,4f595887d3e54ea3533e46f38ce4ee80,2019-08-29T16:50:29.89Z
495,klook,238351791776908,500.00,CNY,c738c2fbd2df410f4daacf798d18fa72,2019-08-29T16:50:29.89Z
496,klook,505323318520199,500.00,CNY,9fa869f2f62e48e87aa3cccfaca3b201,2019-08-29T16:50:29.89Z
497,klook,289305472736364,500.00,CNY,2862858c1e00446d4346afa99d53f3e7,2019-08-29T16:50:29.89Z
498,klook,902194031833856,500.00,CNY,f61a476b8ec54c4a40bc171aa63cffaa,2019-08-29T16:50:29.89Z
499,klook,464074645288242,500.00,CNY,c4916c3e0d824b25685a46ed6fae2550,2019-08-29T16:50:29.89Z
500,klook,275262617703329,500.00,CNY,f4d2d84a95e94b29504cfdd10af96aae,2019-08-29T16:50:29.89Z
501,klook,191491921607343,500.00,CNY,22aacd1b32bc47c26d303aee216d420f,2019-08-29T16:50:29.89Z
502,klook,875655899054496,500.00,CNY,7236c1670e0142795d1cc225523556d6,2019-08-29T16:50:29.89Z
503,klook,971641371543539,500.00,CNY,5fc5b013c70d497c4b51ec85888630b4,2019-08-29T16:50:29.89Z
504,klook,926432878801498,500.00,CNY,7a0959e7a4ab47b65711785377d500d3,2019-08-29T16:50:29.89Z
505,klook,904830808762762,500.00,CNY,bdf77349d40845636c99785b77d6b541,2019-08-29T16:50:29.89Z
506,klook,526280928720451,500.00,CNY,55c1c1bd2870490d4db414c1da98f0e9,2019-08-29T16:50:29.89Z
507,klook,646103255974535,500.00,CNY,6ab18617928641054ef3123a1c4bb3eb,2019-08-29T16:50:29.89Z
508,klook,591584487766283,500.00,CNY,5b2a996a8d7342cc7ca4973dd8896fa7,2019-08-29T16:50:29.89Z
509,klook,664481157199216,500.00,CNY,d864ff3a032649c373ed641a2c3e780a,2019-08-29T16:50:29.89Z
510,klook,655267344403362,500.00,CNY,43d17123219f4a366fb28711977f6666,2019-08-29T16:50:29.89Z
511,klook,479688574538516,500.00,CNY,d4ff27178c69492152844a367ccdca2b,2019-08-29T16:50:29.89Z
512,klook,794357149495785,500.00,CNY,a5a4c25dca2f46086384699ddfb885d7,2019-08-29T16:50:29.89Z
513,klook,497847343653051,500.00,CNY,1dc9f62c1b714069611472c815ada511,2019-08-29T16:50:29.89Z
514,klook,937128657355765,500.00,CNY,b9c4109b1cc743a649e1c9e08453c29f,2019-08-29T16:50:29.89Z
515,klook,994761501078191,500.00,CNY,6d5f5823b31041ca448020698573f68f,2019-08-29T16:50:29.89Z
516,klook,319674142587452,500.00,CNY,1794f20aa34b4bae5a17357952dddeb0,2019-08-29T16:50:29.89Z
517,klook,135204143058368,500.00,CNY,6ea57104c53242426e2a1036072b5c48,2019-08-29T16:50:29.89Z
518,klook,821622424701269,500.00,CNY,843c99d4e0f84646749a53e10cad7856,2019-08-29T16:50:29.89Z
519,klook,590938449425614,500.00,CNY,dafae9939dfe414b68bedf20944d3206,2019-08-29T16:50:29.89Z
520,klook,714883013723231,500.00,CNY,553318ec9cd64ea84386908cfe80388d,2019-08-29T16:50:29.89Z
521,klook,903637333563497,500.00,CNY,2ce8bf4ffe8e41776f009ba23f500b02,2019-08-29T16:50:29.89Z
522,klook,612940128246605,500.00,CNY,dd3c31896592491e63d4c7aa3e1a6e32,2019-08-29T16:50:29.89Z
523,klook,289158419613657,500.00,CNY,ba6deee27f9c4d19659e497729270b41,2019-08-29T16:50:29.89Z
524,klook,401322759194153,500.00,CNY,1cd8a20a30ba437b7acb725ab49caafc,2019-08-29T16:50:29.89Z
525,klook,847710685864387,500.00,CNY,909667acfcdd472e635f9abce1263c1b,2019-08-29T16:50:29.89Z
526,klook,594944518344616,500.00,CNY,86ce8811b0424a677704dcf53c490421,2019-08-29T16:50:29.89Z
527,klook,889149086195430,500.00,CNY,75f0bb2cf77240c341f4a26b744c3e49,2019-08-29T16:50:29.89Z
528,klook,137984386706571,500.00,CNY,c125f47b7d8548785dadb79ae6bad449,2019-08-29T16:50:29.89Z
529,klook,615056754287401,500.00,CNY,9971505e34e3440c4e06ff8f89e72633,2019-08-29T16:50:29.89Z
530,klook,892017080359828,500.00,CNY,dd6e2af3fa0249b3591ac1ef9aef2992,2019-08-29T16:50:29.89Z
531,klook,414828880783606,500.00,CNY,a3abf7f041cb4aaa52fe9cf0768a2cc0,2019-08-29T16:50:29.89Z
532,klook,876311596725847,500.00,CNY,a4bf0eeaa12e4903418828c07a092429,2019-08-29T16:50:29.89Z
533,klook,553501173923366,500.00,CNY,91dc9dd8f45a4c8f45c46b833cda6c64,2019-08-29T16:50:29.89Z
534,klook,685564628644100,500.00,CNY,34f076e4ba644c64495e6e55d3bd7ae5,2019-08-29T16:50:29.89Z
535,klook,441630326464364,500.00,CNY,89d35ed02f5f4f81400008335d253a37,2019-08-29T16:50:29.89Z
536,klook,985431435230658,500.00,CNY,498f80df77924e6d6cdae3b910aa596f,2019-08-29T16:50:29.89Z
537,klook,279885348731364,500.00,CNY,86b45ed718fc481350807c879d7d28eb,2019-08-29T16:50:29.89Z
538,klook,899523123868763,500.00,CNY,84f7f2ec3ccb4e8865307f78c06218d7,2019-08-29T16:50:29.89Z
539,klook,698309091989573,500.00,CNY,bb624ec973944f0f44d6fe40016e9147,2019-08-29T16:50:29.89Z
540,klook,913613141450419,500.00,CNY,9b398447901b4a9974f5bfcd3920c92f,2019-08-29T16:50:29.89Z
541,klook,585006725099101,500.00,CNY,effab4646a5e44de593bd7dab68ba2ee,2019-08-29T16:50:29.89Z
542,klook,967302575678695,500.00,CNY,f093560c918d4d225eee7665916df2a6,2019-08-29T16:50:29.89Z
543,klook,539808604992383,500.00,CNY,d1314ae314f949c466e103d6c54e3b06,2019-08-29T16:50:29.89Z
544,klook,984214569062594,500.00,CNY,6aa1dff086b142ad6dd86ae8812ffbb9,2019-08-29T16:50:29.89Z
545,klook,265020597058169,500.00,CNY,065c00129aac417449709edda5c903bc,2019-08-29T16:50:29.89Z
546,klook,603313355573548,500.00,CNY,8e175832cff84eab623843fa8a1eb5cd,2019-08-29T16:50:29.89Z
547,klook,753477135095956,500.00,CNY,72805b1f9c284a3a47fcae1bb9e4b14f,2019-08-29T16:50:29.89Z
548,klook,977542579895891,500.00,CNY,a38a0322100d4d275be0464d963fc1c0,2019-08-29T16:50:29.89Z
549,klook,827248708718257,500.00,CNY,4fb9d2670bbb487d6371586f1b94b094,2019-08-29T16:50:29.89Z
550,klook,226678449909730,500.00,CNY,7909245b599f41c85e1b92de44b5a4f2,2019-08-29T16:50:29.89Z
551,klook,782681919846958,500.00,CNY,550d51d8339946f15652d3cde9bdfb6a,2019-08-29T16:50:29.89Z
552,klook,519122978769657,500.00,CNY,8528e55ca92d4a304ddb4ca9d2f21b6a,2019-08-29T16:50:29.89Z
553,klook,917664199148334,500.00,CNY,63174aa9c7de4e7b53b0e2e4090e2f3a,2019-08-29T16:50:29.89Z
554,klook,447529858954802,500.00,CNY,3b4d8b59ed2049296f817b49f08e91e2,2019-08-29T16:50:29.89Z
555,klook,330988864314323,500.00,CNY,0c6c6b0eb5df42604c39bcb14fdf0dd9,2019-08-29T16:50:29.89Z
556,klook,374127295337231,500.00,CNY,b5b829eea47a4b4c4d1d940853b97a76,2019-08-29T16:50:29.89Z
557,klook,373732743049748,500.00,CNY,3de637f9ae97463f67257eaa49c57fe6,2019-08-29T16:50:29.89Z
558,klook,246622469405187,500.00,CNY,e7790c8db73d408350071dbdcb655182,2019-08-29T16:50:29.89Z
559,klook,542492034728056,500.00,CNY,54204d6d153f4e3b7cd2b813b24cb87e,2019-08-29T16:50:29.89Z
560,klook,161856363687477,500.00,CNY,46ba69aa478b49826369654b643ebe8c,2019-08-29T16:50:29.89Z
561,klook,212544689175367,500.00,CNY,b9f9f79e65b4435e6b738cd6736b885f,2019-08-29T16:50:29.89Z
562,klook,475057512449548,500.00,CNY,28bf4818d6634a3876a29a09f9e3bc99,2019-08-29T16:50:29.89Z
563,klook,427733627502146,500.00,CNY,307f6d7d590d4ac1525b99e1016f1a78,2019-08-29T16:50:29.89Z
564,klook,583731202286067,500.00,CNY,f5ac3700b9804a5f5771691e9d49b623,2019-08-29T16:50:29.89Z
565,klook,995616690390364,500.00,CNY,f908f8d9deb24c575d1ce202b11560fa,2019-08-29T16:50:29.89Z
566,klook,368881957548662,500.00,CNY,e6aff3af7d2848e045b85173591c3e30,2019-08-29T16:50:29.89Z
567,klook,311861563228741,500.00,CNY,2c7ac0dd63af41f671e660f69313a7a1,2019-08-29T16:50:29.89Z
568,klook,894145917896603,500.00,CNY,915f17a7aa284807718db043c10db8d3,2019-08-29T16:50:29.89Z
569,klook,279855132525284,500.00,CNY,d7eb65233ab741327b52c070919f6a93,2019-08-29T16:50:29.89Z
570,klook,538835191980990,500.00,CNY,9fd7f7553462417963d069b29344cd55,2019-08-29T16:50:29.89Z
571,klook,642953848569184,500.00,CNY,a3c71522282649b756905d8ae89084cf,2019-08-29T16:50:29.89Z
572,klook,622713517008576,500.00,CNY,51d6ba46882a41167efb4a8d6e112d05,2019-08-29T16:50:29.89Z
573,klook,848587516569831,500.00,CNY,a4c7fb284a6a4ba341056eecfd896564,2019-08-29T16:50:29.89Z
574,klook,287532696260349,500.00,CNY,ac6dfd596dd644b752cb2e26fe60e661,2019-08-29T16:50:29.89Z
575,klook,856289874303833,500.00,CNY,e935cc2d03184d1e5da4c351616dddc9,2019-08-29T16:50:29.89Z
576,klook,163494546911266,500.00,CNY,95cfd6631ca247a36f9e9ffd55c9e2cf,2019-08-29T16:50:29.89Z
577,klook,624455788808291,500.00,CNY,98f29eb582584e145a2db1f1284e77e0,2019-08-29T16:50:29.89Z
578,klook,862474057713241,500.00,CNY,95daa5d19a11464b593d75705c9be367,2019-08-29T16:50:29.89Z
579,klook,799756044567606,500.00,CNY,c9c8739164b440fe41c80927af706e3f,2019-08-29T16:50:29.89Z
580,klook,955564171812961,500.00,CNY,5480254fb4ff4c664ab4abffcd673d14,2019-08-29T16:50:29.89Z
581,klook,565416892754992,500.00,CNY,e6faea9bdf124c0a705b63dc75fa8020,2019-08-29T16:50:29.89Z
582,klook,254115300752757,500.00,CNY,feaee5a271e04da1731f78b512beb37b,2019-08-29T16:50:29.89Z
583,klook,392628181725609,500.00,CNY,c7ec6f6d8edb46464f10caa94d0151ee,2019-08-29T16:50:29.89Z
584,klook,601027807285161,500.00,CNY,f02f0193d8c445585f14869b8d143993,2019-08-29T16:50:29.89Z
585,klook,265670346714359,500.00,CNY,bc9590421a894fa1403fa2f3ea8ce64c,2019-08-29T16:50:29.89Z
586,klook,389745775951318,500.00,CNY,234ce61c8c154afb7e58bfe1c88ede97,2019-08-29T16:50:29.89Z
587,klook,940266370162477,500.00,CNY,92c0d7081d424caf483134b62bc2ac20,2019-08-29T16:50:29.89Z
588,klook,919845181209983,500.00,CNY,82e31d10b04947014a3625fe8c33c18f,2019-08-29T16:50:29.89Z
589,klook,484139390866657,500.00,CNY,1b9b99e71a03470a6d09d6f0763e73a5,2019-08-29T16:50:29.89Z
590,klook,498585715615475,500.00,CNY,048e1f191bd7460065070b8ead5065ee,2019-08-29T16:50:29.89Z
591,klook,588301477542572,500.00,CNY,c01a264e0ee74468557c7edd035d2664,2019-08-29T16:50:29.89Z
592,klook,662525883155465,500.00,CNY,9fd6b7deceda43187d1a40118a8c9c28,2019-08-29T16:50:29.89Z
593,klook,213346987671670,500.00,CNY,8763268d6019418a784558e59e2103fe,2019-08-29T16:50:29.89Z
594,klook,610748131222776,500.00,CNY,0e472bcb583045496b7a43d577e230f4,2019-08-29T16:50:29.89Z
595,klook,639974388676549,500.00,CNY,7c012312682444696a4fd85269b48dd6,2019-08-29T16:50:29.89Z
596,klook,951277506027294,500.00,CNY,947c0989cecb482f4c8e8086066c72e9,2019-08-29T16:50:29.89Z
597,klook,922102829426925,500.00,CNY,b0dae21ebbb24a884e87b59652536b64,2019-08-29T16:50:29.89Z
598,klook,810422298747859,500.00,CNY,68f4bb5a0d3b46fd4cfb454d5752247e,2019-08-29T16:50:29.89Z
599,klook,368351100856036,500.00,CNY,08c3dd8a3b884fb272925f257ede9905,2019-08-29T16:50:29.89Z
600,klook,129643011756099,500.00,CNY,6701b1e148254b0d7501803fb0ee1fc4,2019-08-29T16:50:29.89Z
601,klook,363582166241984,500.00,CNY,6f25f9a2fd5d4ed7577ab07e377e1d10,2019-08-29T16:50:29.89Z
602,klook,438797695631912,500.00,CNY,09cb238979144a684e3be74b495deca3,2019-08-29T16:50:29.89Z
603,klook,724864110556872,500.00,CNY,e45c49fea33143bf70888b03b32451c0,2019-08-29T16:50:29.89Z
604,klook,144441302584727,500.00,CNY,162f2887c5ad41275639372416050023,2019-08-29T16:50:29.89Z
605,klook,597490629131142,500.00,CNY,553eee1e3d3c499e7a61180055334268,2019-08-29T16:50:29.89Z
606,klook,246341401640130,500.00,CNY,f3b0b1b381774c624fada78852bc561a,2019-08-29T16:50:29.89Z
607,klook,587106772500621,500.00,CNY,4fa9577d87984e7644a9dd1d750f8699,2019-08-29T16:50:29.89Z
608,klook,548023589594801,500.00,CNY,8edb1568bab843424c004450b6fd4a3a,2019-08-29T16:50:29.89Z
609,klook,573206759361402,500.00,CNY,ab5a814fa53745367cafb18f8bf1064f,2019-08-29T16:50:29.89Z
610,klook,581578960578840,500.00,CNY,4d14ccb74e90402967dfc5e60eb379ab,2019-08-29T16:50:29.89Z
611,klook,144100477457982,500.00,CNY,63fe8232d9894b6879b01f224f246427,2019-08-29T16:50:29.89Z
612,klook,168860052826983,500.00,CNY,98e033ed5ed14941514dd6c6b15f00e6,2019-08-29T16:50:29.89Z
613,klook,422188657154312,500.00,CNY,3fdfe2c1a034484c67477fb97cddee19,2019-08-29T16:50:29.89Z
614,klook,930266188038124,500.00,CNY,26c9c1301985476b68b7df83feaf0003,2019-08-29T16:50:29.89Z
615,klook,997319017270311,500.00,CNY,6c63d5bff9674ed65fdb20d8ab4d2fdc,2019-08-29T16:50:29.89Z
616,klook,543502509015079,500.00,CNY,bdfa66184fa94f6f7c35e90dd4b6a250,2019-08-29T16:50:29.89Z
617,klook,735623307357773,500.00,CNY,d1445974eb864860549ec8e3fd0ff8a0,2019-08-29T16:50:29.89Z
618,klook,502221670264657,500.00,CNY,1fe25795599047676d5929b48b1d1dd3,2019-08-29T16:50:29.89Z
619,klook,850818201060953,500.00,CNY,2437d8aa9b194a326e98bd488143bd39,2019-08-29T16:50:29.89Z
620,klook,845057265778667,500.00,CNY,22e4dc9d409949776c38b7936bb6ba81,2019-08-29T16:50:29.89Z
621,klook,305500967937429,500.00,CNY,2ce102a3795d48095189751c89c34e89,2019-08-29T16:50:29.89Z
622,klook,677135217523706,500.00,CNY,c6502c1168c94306507404dd8cddbed4,2019-08-29T16:50:29.89Z
623,klook,521256316469259,500.00,CNY,6f7bcf22e1dd4928716254036aed19fa,2019-08-29T16:50:29.89Z
624,klook,847377344847889,500.00,CNY,5920949052314def505a86b3d9d31c40,2019-08-29T16:50:29.89Z
625,klook,488357000626049,500.00,CNY,3b4ed70e17a346dc6877107d4ea0f8bd,2019-08-29T16:50:29.89Z
626,klook,724139306451543,500.00,CNY,70fbf49c6d06471579a9940992b13767,2019-08-29T16:50:29.89Z
627,klook,679817589823152,500.00,CNY,7f9725456b4748da57822e094898819b,2019-08-29T16:50:29.89Z
628,klook,905713639553714,500.00,CNY,0c6f28e3e57c48da4474f285e8f6fb60,2019-08-29T16:50:29.89Z
629,klook,361830653604130,500.00,CNY,5d66e8d1a9e24080714e41d69fbd72a5,2019-08-29T16:50:29.89Z
630,klook,456925471230712,500.00,CNY,c2cf9404d37d4c4665356afb2a06db77,2019-08-29T16:50:29.89Z
631,klook,686307697001785,500.00,CNY,d0200b410a834ea272eb87d05b548d52,2019-08-29T16:50:29.89Z
632,klook,633289399727701,500.00,CNY,6434a7425c1243726fd8126d7c247641,2019-08-29T16:50:29.89Z
633,klook,167398984481793,500.00,CNY,f13e4aec6722464f7d331caeae93deb3,2019-08-29T16:50:29.89Z
634,klook,218797703988702,500.00,CNY,ffe20a5095a644615f9f054e45b63da1,2019-08-29T16:50:29.89Z
635,klook,633642000708040,500.00,CNY,de4b64d43c9f4e0d43d7f3c403eb76c2,2019-08-29T16:50:29.89Z
636,klook,371686434806497,500.00,CNY,235f1f3f63714e1a5fc6c734fe955fa2,2019-08-29T16:50:29.89Z
637,klook,561733787173575,500.00,CNY,aa340f9963c54da1515ea026df1a37da,2019-08-29T16:50:29.89Z
638,klook,110720500625152,500.00,CNY,473c4452b8e943f979b1c9dc350a7043,2019-08-29T16:50:29.89Z
639,klook,318686880069075,500.00,CNY,be62b874a4a24f8267a8827821565d12,2019-08-29T16:50:29.89Z
640,klook,324550447502480,500.00,CNY,727bb24b2b034da86962a0ece456d46b,2019-08-29T16:50:29.89Z
641,klook,261931117024866,500.00,CNY,38600df281db42e26c7365dedfb2c000,2019-08-29T16:50:29.89Z
642,klook,143260900177155,500.00,CNY,db56ec6c0c364a4e5f8d585dae754965,2019-08-29T16:50:29.89Z
643,klook,617647123555434,500.00,CNY,ee31c95911c64555728e4b50bf91e1c9,2019-08-29T16:50:29.89Z
644,klook,766214846747808,500.00,CNY,6243a1e97c39493e68a395ab5f909ba2,2019-08-29T16:50:29.89Z
645,klook,742275746603189,500.00,CNY,afacb19639024cf3712e446d546a45f7,2019-08-29T16:50:29.89Z
646,klook,248046194152428,500.00,CNY,53fc02d7ff7d411b7f68de3042898b1a,2019-08-29T16:50:29.89Z
647,klook,802553053197244,500.00,CNY,cf921aeecc2347775daa89e38ddc9486,2019-08-29T16:50:29.89Z
648,klook,109427650183346,500.00,CNY,dddc0ca9c428445c56fab94ec715974c,2019-08-29T16:50:29.89Z
649,klook,378977953637578,500.00,CNY,193e3abc30cb4f2f46a3b282fcb287a1,2019-08-29T16:50:29.89Z
650,klook,801637696542034,500.00,CNY,dd9993f556d1460879f9793a8ea36342,2019-08-29T16:50:29.89Z
651,klook,355804377005621,500.00,CNY,27826d1979104c7d7e1a7cb8a61a137a,2019-08-29T16:50:29.89Z
652,klook,700258636309928,500.00,CNY,f65a873be25f44985d977b67a0601b38,2019-08-29T16:50:29.89Z
653,klook,179207234357361,500.00,CNY,61e9f951f61f4aa961d5744bc2b6cc60,2019-08-29T16:50:29.89Z
654,klook,696377492901182,500.00,CNY,7f71b6dc2df64a9d542407a428c10711,2019-08-29T16:50:29.89Z
655,klook,649569296947313,500.00,CNY,1594bfa245a74bab60d2db07b256b0e9,2019-08-29T16:50:29.89Z
656,klook,104390778460453,500.00,CNY,ebc75fe5cf2b4564496a772564fb631b,2019-08-29T16:50:29.89Z
657,klook,165212157504428,500.00,CNY,779e31eca6704b1a4f1830b9840c4d9f,2019-08-29T16:50:29.89Z
658,klook,784995347294823,500.00,CNY,cae40a035f354c134b8af9ddc08737a2,2019-08-29T16:50:29.89Z
659,klook,829392906141863,500.00,CNY,7251ae26f5bd4122703b3ada7dccfa2b,2019-08-29T16:50:29.89Z
660,klook,428994180015871,500.00,CNY,a3fc7c5c07a146537f6d1b13477ac497,2019-08-29T16:50:29.89Z
661,klook,172885149709263,500.00,CNY,cca9d4cd318040406610d35cab7706ab,2019-08-29T16:50:29.89Z
662,klook,527287875992307,500.00,CNY,9f060d63df5d4073758cdf5c699b09c3,2019-08-29T16:50:29.89Z
663,klook,256647620090951,500.00,CNY,f2966a61c81a45c4567f40247e8c7188,2019-08-29T16:50:29.89Z
664,klook,671897428789640,500.00,CNY,1199b6351a2743334ee020260555ec53,2019-08-29T16:50:29.89Z
665,klook,637516643518023,500.00,CNY,abd1b3be49ef462673e4312710cf97be,2019-08-29T16:50:29.89Z
666,klook,768408468522611,500.00,CNY,240cc84d186d463377f9d66863991118,2019-08-29T16:50:29.89Z
667,klook,335570051231801,500.00,CNY,5da789fda1ab462f4bfe0741026e047a,2019-08-29T16:50:29.89Z
668,klook,488229778213144,500.00,CNY,cfaceaa8558647c9762a563873ec8f64,2019-08-29T16:50:29.89Z
669,klook,654805982828164,500.00,CNY,6bf18c49716448555a87f3f99ff52100,2019-08-29T16:50:29.89Z
670,klook,764974120050530,500.00,CNY,2407317808024fd8738681ce3a161435,2019-08-29T16:50:29.89Z
671,klook,582431407630798,500.00,CNY,85f08971b975486a50304eeb9573cc12,2019-08-29T16:50:29.89Z
672,klook,299394332273959,500.00,CNY,957832e9d3e1450e680349c09fc7298c,2019-08-29T16:50:29.89Z
673,klook,620320908404247,500.00,CNY,1f1b70d6b44244ab43154346a88adc84,2019-08-29T16:50:29.89Z
674,klook,999749846332467,500.00,CNY,e10d2dd842104e86668d361b935273bf,2019-08-29T16:50:29.89Z
675,klook,376585346764273,500.00,CNY,1203f566c8a147c3648a5d7598645b43,2019-08-29T16:50:29.89Z
676,klook,381647921799270,500.00,CNY,83a492bddba047476d5c24a3a9bb3e62,2019-08-29T16:50:29.89Z
677,klook,510563363523626,500.00,CNY,2e9f126055504e8854583e13a716750d,2019-08-29T16:50:29.89Z
678,klook,956119140693804,500.00,CNY,e81a753405a9459d6633e9dbcb7a2ffe,2019-08-29T16:50:29.89Z
679,klook,452485921477937,500.00,CNY,e475f93c83984253700bf87522ad4944,2019-08-29T16:50:29.89Z
680,klook,408871299948186,500.00,CNY,2ce08e41c849458a5a02441cfd782776,2019-08-29T16:50:29.89Z
681,klook,864290766111523,500.00,CNY,65f74c6a4a2b46486f180b103696323c,2019-08-29T16:50:29.89Z
682,klook,750944865629287,500.00,CNY,2d42ae06491846d345d1c86690abbdf7,2019-08-29T16:50:29.89Z
683,klook,978878765284759,500.00,CNY,9ab7ea87c54e4a8e646692a715a37b56,2019-08-29T16:50:29.89Z
684,klook,259130505291049,500.00,CNY,ebaed3832c514ece5872f07943677bf5,2019-08-29T16:50:29.89Z
685,klook,455097456891454,500.00,CNY,c697d22a1bac4e3b766a430fe2e2ff48,2019-08-29T16:50:29.89Z
686,klook,330038311598519,500.00,CNY,9f0fbf0130b24ffe4362f6b69dfbc580,2019-08-29T16:50:29.89Z
687,klook,787039978762394,500.00,CNY,6d4ef8addf1c436261235ff82f93653d,2019-08-29T16:50:29.89Z
688,klook,868878435186528,500.00,CNY,12036495922e4c5a64467c8f1dbeb8e4,2019-08-29T16:50:29.89Z
689,klook,600971340861849,500.00,CNY,9a4c265c741f4e824f58a816917424eb,2019-08-29T16:50:29.89Z
690,klook,101707651948025,500.00,CNY,410457854be348cb78321eda112cc457,2019-08-29T16:50:29.89Z
691,klook,632359795474689,500.00,CNY,49c46211e436464b5ce02c7e271c9570,2019-08-29T16:50:29.89Z
692,klook,522740449317990,500.00,CNY,2dd26cae1259431579f56035d0c48bbc,2019-08-29T16:50:29.89Z
693,klook,355361894773243,500.00,CNY,57911627848b4f044375258127297b57,2019-08-29T16:50:29.89Z
694,klook,736289507189164,500.00,CNY,30532186345f4b4c6328cd5c29f6e753,2019-08-29T16:50:29.89Z
695,klook,319044341750378,500.00,CNY,44c3ee4984004d6c6789631025a34cb0,2019-08-29T16:50:29.89Z
696,klook,321766746140329,500.00,CNY,1a0235f4be01454f7ab1e8ecd9c6ba58,2019-08-29T16:50:29.89Z
697,klook,740314656009753,500.00,CNY,0bc3b33411c9400e595bce373f723ca6,2019-08-29T16:50:29.89Z
698,klook,903987819313865,500.00,CNY,dc8de3089c5346625b4f6066321ad726,2019-08-29T16:50:29.89Z
699,klook,985535797113331,500.00,CNY,29ccba08ced648c165efc23372ee922f,2019-08-29T16:50:29.89Z
700,klook,856095525348350,500.00,CNY,a682d03ca60e4ca95231df16b8373655,2019-08-29T16:50:29.89Z
701,klook,426658235826216,500.00,CNY,d92d938123674f6c6865d907c7fb2738,2019-08-29T16:50:29.89Z
702,klook,574692359805714,500.00,CNY,db8d03890c274f1b6b618047ee5e3720,2019-08-29T16:50:29.89Z
703,klook,148481118339848,500.00,CNY,0e7ad5a62b1446137a0ac473fd0afe29,2019-08-29T16:50:29.89Z
704,klook,105700731953900,500.00,CNY,e53a4579c31a4f1c489f904233a8e99b,2019-08-29T16:50:29.89Z
705,klook,195171561829177,500.00,CNY,c1e04599385b4fcd6a3de87586cb5883,2019-08-29T16:50:29.89Z
706,klook,914762944706229,500.00,CNY,c77803ec9c0e462f6c03a9df8a3257de,2019-08-29T16:50:29.89Z
707,klook,637165441129208,500.00,CNY,4500b5ddc0ab4d2141129dd1d814ffaa,2019-08-29T16:50:29.89Z
708,klook,789491013241621,500.00,CNY,c707be7bed43456645f0d4f68ede5e74,2019-08-29T16:50:29.89Z
709,klook,450265489518007,500.00,CNY,1c09d9970769444e42bfda0d0028f267,2019-08-29T16:50:29.89Z
710,klook,298765262760244,500.00,CNY,55100a365fa846eb5c6c83c62fefbd16,2019-08-29T16:50:29.89Z
711,klook,708840777155632,500.00,CNY,254c45d0883d46a76b15e8f5c4e5cd18,2019-08-29T16:50:29.89Z
712,klook,381312412771371,500.00,CNY,6502a4008cfe4c2c615eb7932b074798,2019-08-29T16:50:29.89Z
713,klook,445841073375059,500.00,CNY,d0bb92e7b6c0443a7779586977f98761,2019-08-29T16:50:29.89Z
714,klook,153702743597037,500.00,CNY,9cdb691f442943e56116b6601551f815,2019-08-29T16:50:29.89Z
715,klook,149865592023751,500.00,CNY,0b85e416445b48ee656acde393a32e8e,2019-08-29T16:50:29.89Z
716,klook,375021350764835,500.00,CNY,ce24921fee474ed063c5db231890a67d,2019-08-29T16:50:29.89Z
717,klook,956455745507485,500.00,CNY,57f71cfb95c245c940f163fa492fa9cc,2019-08-29T16:50:29.89Z
718,klook,877346933136311,500.00,CNY,62d7bc715d694997704b7ba9f110a4c9,2019-08-29T16:50:29.89Z
719,klook,574150769125464,500.00,CNY,1abb014b045a4afb69d93fa98beb2c94,2019-08-29T16:50:29.89Z
720,klook,846798739284867,500.00,CNY,289a9b67232c43335b664e259749014e,2019-08-29T16:50:29.89Z
721,klook,993645728457095,500.00,CNY,a6e0ca73b5844cd873d82b025fceae94,2019-08-29T16:50:29.89Z
722,klook,190146971481454,500.00,CNY,3fac4fa2c99e45d658ea72641a6fcb94,2019-08-29T16:50:29.89Z
723,klook,618384088107274,500.00,CNY,ffb2002c314242c647fe527d6757b3ef,2019-08-29T16:50:29.89Z
724,klook,657335453036290,500.00,CNY,8659b3b8d83b46a273b1daa4703f764e,2019-08-29T16:50:29.89Z
725,klook,798274767138003,500.00,CNY,dad55867be3045fb77a8157524b779b3,2019-08-29T16:50:29.89Z
726,klook,409455247986127,500.00,CNY,780c3ef7ec9448b67108073263cfd12a,2019-08-29T16:50:29.89Z
727,klook,107177498482363,500.00,CNY,862d4cbc9a6e4060633fb25a1bd4b342,2019-08-29T16:50:29.89Z
728,klook,878484335810018,500.00,CNY,44bbdcae75b142867ad68ea9ca328f99,2019-08-29T16:50:29.89Z
729,klook,800037071725304,500.00,CNY,0555635ffac345e04c5cc54e6187712a,2019-08-29T16:50:29.89Z
730,klook,304710211979879,500.00,CNY,ae2aec9fc25a42fa4225be8d21342faf,2019-08-29T16:50:29.89Z
731,klook,507653256852750,500.00,CNY,9a4e4d1aa43548bd7cf05ff03b6d027b,2019-08-29T16:50:29.89Z
732,klook,993255120066564,500.00,CNY,c94d11a1d5ee4516758c3c73cf3b4167,2019-08-29T16:50:29.89Z
733,klook,770361591966268,500.00,CNY,29262dd4eaa44eca4d1d6763064c390f,2019-08-29T16:50:29.89Z
734,klook,111778426050957,500.00,CNY,5051804eadaf4d3440813f14af5d3cef,2019-08-29T16:50:29.89Z
735,klook,886433345095742,500.00,CNY,87b267ac9d614e9c487e910013c11983,2019-08-29T16:50:29.89Z
736,klook,387692822581376,500.00,CNY,1a9b9548108d45b851c86f93f0d1568a,2019-08-29T16:50:29.89Z
737,klook,236236648107686,500.00,CNY,3413d720d45e4215526801a16bcd60f6,2019-08-29T16:50:29.89Z
738,klook,347241356776462,500.00,CNY,f5659e2b9d534105607dcb370ab56493,2019-08-29T16:50:29.89Z
739,klook,450362359174785,500.00,CNY,e28f3395b202482555ca182b8cbc6fc3,2019-08-29T16:50:29.89Z
740,klook,861935299540613,500.00,CNY,f101e895cf7f490a4904de5026e955a0,2019-08-29T16:50:29.89Z
741,klook,871199572969795,500.00,CNY,38dadb96917141575d218cae09edc188,2019-08-29T16:50:29.89Z
742,klook,750676979216769,500.00,CNY,728c2a0fa12d41b878670871cc9ce146,2019-08-29T16:50:29.89Z
743,klook,760915203917272,500.00,CNY,461043efe70c4eee55e576f7c410d26a,2019-08-29T16:50:29.89Z
744,klook,342206856089798,500.00,CNY,f066924acb024bf952b2b43c0fb8f1e6,2019-08-29T16:50:29.89Z
745,klook,728303144407329,500.00,CNY,91fce8f16af6481664708b8b6e9909fe,2019-08-29T16:50:29.89Z
746,klook,345190689596727,500.00,CNY,455c6b70d5914c3f4e99d96d44e41a57,2019-08-29T16:50:29.89Z
747,klook,763335749043074,500.00,CNY,9dd7b32a2794455d532ddbef033d97cc,2019-08-29T16:50:29.89Z
748,klook,470177296072998,500.00,CNY,0806155aba5a4cef66f137fb12196269,2019-08-29T16:50:29.89Z
749,klook,591602782677127,500.00,CNY,6e11c891ef704140472cddd1915d0924,2019-08-29T16:50:29.89Z
750,klook,778512011315144,500.00,CNY,5d70118121de4598463b3201af31bf47,2019-08-29T16:50:29.89Z
751,klook,743759592504900,500.00,CNY,fe5cae3a89e5482776fd5a46b8f63254,2019-08-29T16:50:29.89Z
752,klook,599863370836549,500.00,CNY,a280abc8df2d422267a4814dfa698c1e,2019-08-29T16:50:29.89Z
753,klook,591794546661543,500.00,CNY,ddd951088c5e485f630c53414106abd9,2019-08-29T16:50:29.89Z
754,klook,681101900523520,500.00,CNY,d2780867112741f774ecbdaac4d26a65,2019-08-29T16:50:29.89Z
755,klook,875843134074280,500.00,CNY,36e6f045ba91491961e995f7458176d9,2019-08-29T16:50:29.89Z
756,klook,750365347642054,500.00,CNY,322177f652474ff0459bdb9dd9897524,2019-08-29T16:50:29.89Z
757,klook,371198770057358,500.00,CNY,675a9c7ef3454e7f72818bdfb3da63af,2019-08-29T16:50:29.89Z
758,klook,882844300055079,500.00,CNY,6e6a097be97b4d9868de333ec53fde1c,2019-08-29T16:50:29.89Z
759,klook,157118147820120,500.00,CNY,5feca2cb7abe4f78464e5d294d8ef888,2019-08-29T16:50:29.89Z
760,klook,616542606970912,500.00,CNY,f725d252710e47cd68ee2d0f00aa6100,2019-08-29T16:50:29.89Z
761,klook,682410783346469,500.00,CNY,65465dd37f8e498a52423e1a05c55e5a,2019-08-29T16:50:29.89Z
762,klook,305767267361964,500.00,CNY,ecee3c5f0b3e4cbe59425427823c23dd,2019-08-29T16:50:29.89Z
763,klook,956857316548838,500.00,CNY,9439ba901e304a167916d84dea01ae2d,2019-08-29T16:50:29.89Z
764,klook,545950290724126,500.00,CNY,67e7aecd618f46a7605ed2b5c97f3106,2019-08-29T16:50:29.89Z
765,klook,951230697042910,500.00,CNY,15736ee29b8f4e267581f9633991f00f,2019-08-29T16:50:29.89Z
766,klook,894183308193391,500.00,CNY,028e26fc4f4c4fd973397c015153f0af,2019-08-29T16:50:29.89Z
767,klook,584561087241088,500.00,CNY,73307bc7c9d3466a634839ca09324620,2019-08-29T16:50:29.89Z
768,klook,606689539715420,500.00,CNY,d59371c9517946e55f89939dd71f7bb5,2019-08-29T16:50:29.89Z
769,klook,626646861696567,500.00,CNY,dc15dd6e60054f926371c0d34f95c5e0,2019-08-29T16:50:29.89Z
770,klook,425676571449985,500.00,CNY,6046a3cc4b174e134ab2258ff161249d,2019-08-29T16:50:29.89Z
771,klook,483285822234636,500.00,CNY,19e44e31cb7c43c04dc387483b14708d,2019-08-29T16:50:29.89Z
772,klook,208646134357033,500.00,CNY,ff8c518fe9d348566f2a0c6b8a95c4cf,2019-08-29T16:50:29.89Z
773,klook,248276809830138,500.00,CNY,6a308f3b014c4d525c57806629b1ef9b,2019-08-29T16:50:29.89Z
774,klook,988332040604931,500.00,CNY,442ce340b02146a748fc69df9c989180,2019-08-29T16:50:29.89Z
775,klook,784145388814039,500.00,CNY,c51528cdb69848c778290262ae891c1d,2019-08-29T16:50:29.89Z
776,klook,737982060762966,500.00,CNY,43587ae4947f4563435650c42f4aa8a7,2019-08-29T16:50:29.89Z
777,klook,689065034866484,500.00,CNY,7a4d2ad146c041074895b005cdc4a00d,2019-08-29T16:50:29.89Z
778,klook,302563058292792,500.00,CNY,dfe1bae847124c0b5edb3e051b4f444b,2019-08-29T16:50:29.89Z
779,klook,726629379915326,500.00,CNY,cb28faa4d4ae4ee7554e493c8b3a12d6,2019-08-29T16:50:29.89Z
780,klook,501853676595153,500.00,CNY,5b8ab2949b684a6e4a35bd399dd9ba74,2019-08-29T16:50:29.89Z
781,klook,633685136360568,500.00,CNY,d8d41d0ae7604e0f534922778864b0d7,2019-08-29T16:50:29.89Z
782,klook,698966159355128,500.00,CNY,3f445dcf72ae45b1487ee465d173dbf1,2019-08-29T16:50:29.89Z
783,klook,755389190238345,500.00,CNY,2255c22e81ad4e60649f142d7ef187d5,2019-08-29T16:50:29.89Z
784,klook,263643384609959,500.00,CNY,c6de213b44e64de76e7cca8eaa2b0f8f,2019-08-29T16:50:29.89Z
785,klook,384559471449465,500.00,CNY,94900b374d88489a6750da00b1e2420c,2019-08-29T16:50:29.89Z
786,klook,821207499730213,500.00,CNY,336cf79a714a4ecb48005a71d87daa34,2019-08-29T16:50:29.89Z
787,klook,837652849419480,500.00,CNY,800ea153f5204a6873d99ce98608d565,2019-08-29T16:50:29.89Z
788,klook,153817090487234,500.00,CNY,22fdede0b8c547185c231daa9e5aeb3d,2019-08-29T16:50:29.89Z
789,klook,342542768423489,500.00,CNY,980151f338714a38702b54830bcfcc75,2019-08-29T16:50:29.89Z
790,klook,188707245123042,500.00,CNY,223f758de5be4f76742ebbd6e097bea2,2019-08-29T16:50:29.89Z
791,klook,971752247335381,500.00,CNY,bd755117a5864c6453085614297f9f31,2019-08-29T16:50:29.89Z
792,klook,498923308286990,500.00,CNY,07869f2d4d8c41926bd0280d29cc2297,2019-08-29T16:50:29.89Z
793,klook,197826817083690,500.00,CNY,48972f34e3c5471d50128dcea4ead272,2019-08-29T16:50:29.89Z
794,klook,449551460390139,500.00,CNY,8a7bd6cc261a419a557aa6c0a4208e84,2019-08-29T16:50:29.89Z
795,klook,686842936966867,500.00,CNY,69cc34d5500f47d97d5173039ff80087,2019-08-29T16:50:29.89Z
796,klook,592821054805024,500.00,CNY,6130579364b74cfa599427f30210c24e,2019-08-29T16:50:29.89Z
797,klook,704564301181514,500.00,CNY,910a9cd82c9c4e7e63c125dabeb9abac,2019-08-29T16:50:29.89Z
798,klook,965176894733937,500.00,CNY,7161eb9323544ca04c2e789ee156910b,2019-08-29T16:50:29.89Z
799,klook,761355949602943,500.00,CNY,f4d05c7c000e46537710b2e666c36c60,2019-08-29T16:50:29.89Z
800,klook,636316825068580,500.00,CNY,5369c2ba45b44f1c595a0f24612f6612,2019-08-29T16:50:29.89Z
801,klook,621793865678774,500.00,CNY,19e877f0a5c746275b0ce24eb79bfa6f,2019-08-29T16:50:29.89Z
802,klook,108774328996413,500.00,CNY,7e7f8620014f486f40a5705ce6973f93,2019-08-29T16:50:29.89Z
803,klook,231731299333772,500.00,CNY,d731d1bfa37f4e626770dc8fdfc969ec,2019-08-29T16:50:29.89Z
804,klook,287539942545297,500.00,CNY,f1ba621219f344076b74433a26095e93,2019-08-29T16:50:29.89Z
805,klook,656440877997504,500.00,CNY,451dd5dac3c947c87e40639faa258595,2019-08-29T16:50:29.89Z
806,klook,639707749986909,500.00,CNY,f1456ae881b445035e5447cc865f36ad,2019-08-29T16:50:29.89Z
807,klook,516169411946347,500.00,CNY,088677335cc5400a656a71a229e7309f,2019-08-29T16:50:29.89Z
808,klook,825722834593460,500.00,CNY,f23e700672fe4bba6f46751706d9b55f,2019-08-29T16:50:29.89Z
809,klook,169616469519723,500.00,CNY,0ea1cdf1f5f849d941924f2c9144bf91,2019-08-29T16:50:29.89Z
810,klook,653524425667303,500.00,CNY,53260ebea81946867fe6c2f5307f513b,2019-08-29T16:50:29.89Z
811,klook,431976420241779,500.00,CNY,443beedff8ff48e76b48013a79afc1d4,2019-08-29T16:50:29.89Z
812,klook,434372279501122,500.00,CNY,aa59e49583c9481d7a6c93db296492fa,2019-08-29T16:50:29.89Z
813,klook,735109136878902,500.00,CNY,15411483666940be6602baacb09f21f3,2019-08-29T16:50:29.89Z
814,klook,476837950009405,500.00,CNY,b85727e6005d453c55049e0934bf1b41,2019-08-29T16:50:29.89Z
815,klook,249006120121179,500.00,CNY,54eafbe1ddae426d7c4add9f3e7b5a41,2019-08-29T16:50:29.89Z
816,klook,480084865127609,500.00,CNY,9d1534bb8f4e4b0576138b3bfbbfec07,2019-08-29T16:50:29.89Z
817,klook,801472731202485,500.00,CNY,e475e931dd264da5758bcd767945ffae,2019-08-29T16:50:29.89Z
818,klook,739540657342794,500.00,CNY,69c9bef77e0742f163b58c3e3b4f5dcc,2019-08-29T16:50:29.89Z
819,klook,913733375819022,500.00,CNY,eacbf0c0d05c49c94991c385e44f3a28,2019-08-29T16:50:29.89Z
820,klook,934573803555879,500.00,CNY,24eb504f9f404d9f561a764aaf2f8cf1,2019-08-29T16:50:29.89Z
821,klook,104054281107937,500.00,CNY,2c1f12bb077341bb5d014b6ca8e5e65b,2019-08-29T16:50:29.89Z
822,klook,910304793203641,500.00,CNY,bc05f736209b4145450b3b515043a338,2019-08-29T16:50:29.89Z
823,klook,828719261956825,500.00,CNY,88444af0f77a407267f267644e51e7b3,2019-08-29T16:50:29.89Z
824,klook,147661480577123,500.00,CNY,8c81393cec27492f4bcfac058a4a87c0,2019-08-29T16:50:29.89Z
825,klook,249040601002659,500.00,CNY,37ab48421aa4446a774f306cbc74229b,2019-08-29T16:50:29.89Z
826,klook,642090877196097,500.00,CNY,79de80f988c14dea449474267e321b8c,2019-08-29T16:50:29.89Z
827,klook,498119716044560,500.00,CNY,220fe08101c54f1e4f80d2af7bde3fe9,2019-08-29T16:50:29.89Z
828,klook,119457042047746,500.00,CNY,aedb33781e394c244ce31b5a2c13921c,2019-08-29T16:50:29.89Z
829,klook,911531702894570,500.00,CNY,9951ff435f0441697ffdfe21e3b4f841,2019-08-29T16:50:29.89Z
830,klook,981149394014394,500.00,CNY,b3aff45e658145c27089b62ab4dd1b4a,2019-08-29T16:50:29.89Z
831,klook,266717603586322,500.00,CNY,c5cb614100bc4f95689994eaf00fbcb1,2019-08-29T16:50:29.89Z
832,klook,929514403357817,500.00,CNY,e17c5823c51c4fe5492ad2756f06a252,2019-08-29T16:50:29.89Z
833,klook,802573185602773,500.00,CNY,56c28e8d5e6f48c765a8d0f1917a24e0,2019-08-29T16:50:29.89Z
834,klook,765455754561682,500.00,CNY,f92e5a86c35648566e6236fe329b8e07,2019-08-29T16:50:29.89Z
835,klook,439263143727144,500.00,CNY,e325136b379d49e65e4296b457d2d6e2,2019-08-29T16:50:29.89Z
836,klook,590821412816958,500.00,CNY,1e889637663843266c5a3b576aa68b46,2019-08-29T16:50:29.89Z
837,klook,430758613276245,500.00,CNY,d8c4b8553b9e41144bc79d72949481a5,2019-08-29T16:50:29.89Z
838,klook,822851986901055,500.00,CNY,ea101b328b5d45385c71c60b47d8532e,2019-08-29T16:50:29.89Z
839,klook,623019398034303,500.00,CNY,a1e838c83f9f4e615086dd1f48c77f03,2019-08-29T16:50:29.89Z
840,klook,137859867960734,500.00,CNY,7b679ad8bece4d3f681420276c7fabb2,2019-08-29T16:50:29.89Z
841,klook,156154186379106,500.00,CNY,aab96f5800144dcd4c8675bd4a38ee4c,2019-08-29T16:50:29.89Z
842,klook,220305349660162,500.00,CNY,7a767515889644387e8e660e22378a5b,2019-08-29T16:50:29.89Z
843,klook,180497048901822,500.00,CNY,5f38a05a9cd246ad61317ffeab3aa13d,2019-08-29T16:50:29.89Z
844,klook,575529642212869,500.00,CNY,dc0387e5ec8944ab6fda3d7522ecf8cf,2019-08-29T16:50:29.89Z
845,klook,229455856901072,500.00,CNY,075f9e28ebf1473f61dc0dd7abe0c99c,2019-08-29T16:50:29.89Z
846,klook,831168681894152,500.00,CNY,fdcb6833fced4d194d51ecb5834803f8,2019-08-29T16:50:29.89Z
847,klook,475533034797879,500.00,CNY,6cfae2c1aadd4ade4b7abd2a48d78fe0,2019-08-29T16:50:29.89Z
848,klook,501353663882029,500.00,CNY,169596c96b6f4f1f4c95c9ee840b2911,2019-08-29T16:50:29.89Z
849,klook,582683076552326,500.00,CNY,27b5dd85cc6a4ac55bf0d8544db9e978,2019-08-29T16:50:29.89Z
850,klook,916892064142300,500.00,CNY,0cd6c7414d034dd7724806118e6fa8d6,2019-08-29T16:50:29.89Z
851,klook,267367951449484,500.00,CNY,e05bbb3ac63546de5ad2bbda5abd1bfa,2019-08-29T16:50:29.89Z
852,klook,994214321496841,500.00,CNY,5fe3d664e49e439f79219262f01745b2,2019-08-29T16:50:29.89Z
853,klook,841919006068270,500.00,CNY,27dbc16c410440704a2dad655cb9c032,2019-08-29T16:50:29.89Z
854,klook,486339842929881,500.00,CNY,0107eb02121543417b4c8b76ccde8872,2019-08-29T16:50:29.89Z
855,klook,334843069426951,500.00,CNY,0e611f843882484469aa2bee472ab7e8,2019-08-29T16:50:29.89Z
856,klook,638268907023026,500.00,CNY,e84f975ea8954e5a65acddb406f1ccd1,2019-08-29T16:50:29.89Z
857,klook,707414551313417,500.00,CNY,4c4a4f58a9c647b975b2dd8db8e683d4,2019-08-29T16:50:29.89Z
858,klook,318042202923762,500.00,CNY,40dcc23d056d43154f09c9c61e3a3f50,2019-08-29T16:50:29.89Z
859,klook,508202712434769,500.00,CNY,bc71acaf456a4e57765ee7929498cafb,2019-08-29T16:50:29.89Z
860,klook,652927549664942,500.00,CNY,2549664bd716458955b0837e346ad5da,2019-08-29T16:50:29.89Z
861,klook,959843161952021,500.00,CNY,ac947ed3f51e484d5f11e1c667848f4d,2019-08-29T16:50:29.89Z
862,klook,949387206628607,500.00,CNY,59dcb4da78f543a3531391c4f5cfbfdb,2019-08-29T16:50:29.89Z
863,klook,766424969103395,500.00,CNY,d4d19958cfcd40c37f7f5352a8f6e079,2019-08-29T16:50:29.89Z
864,klook,996672730198415,500.00,CNY,25d344821e504f924f3c99fe39e663f1,2019-08-29T16:50:29.89Z
865,klook,131363776866517,500.00,CNY,bd39f0971e0f4eff7fbf958757ebff6f,2019-08-29T16:50:29.89Z
866,klook,656178552706454,500.00,CNY,47b8f0d639b44ba774a65e252400cfe2,2019-08-29T16:50:29.89Z
867,klook,156711502773301,500.00,CNY,e4234e2805c44ba35881fea8d045cafa,2019-08-29T16:50:29.89Z
868,klook,678304896053223,500.00,CNY,85f5c2bcb9fe4a6a653f80310a36b522,2019-08-29T16:50:29.89Z
869,klook,579795679335597,500.00,CNY,a21169f53750457b41edfbcc94e011bb,2019-08-29T16:50:29.89Z
870,klook,993912099420753,500.00,CNY,12b975bb70c545765cd0724a5488d539,2019-08-29T16:50:29.89Z
871,klook,596551976844665,500.00,CNY,dd9b5899ba254f134bf6aa33b7738c41,2019-08-29T16:50:29.89Z
872,klook,670719508919743,500.00,CNY,c242bc3ff4dd491c48f1a2eb27e788d3,2019-08-29T16:50:29.89Z
873,klook,832021036069017,500.00,CNY,5238c5a2c8cd43bd49bf7b0042c4dabe,2019-08-29T16:50:29.89Z
874,klook,454247052290026,500.00,CNY,ad423b9edf304ea27517f357b1e9df1d,2019-08-29T16:50:29.89Z
875,klook,871535319370154,500.00,CNY,44a683e374a24b7a5548314065127868,2019-08-29T16:50:29.89Z
876,klook,867277942437364,500.00,CNY,037df7a490a140844b968e4393cb3ff5,2019-08-29T16:50:29.89Z
877,klook,380330735204046,500.00,CNY,992a8c5538674660688199ad2d55f60f,2019-08-29T16:50:29.89Z
878,klook,875921734952855,500.00,CNY,ad8ba1fd5dc4454a5a31da7ae5b2f956,2019-08-29T16:50:29.89Z
879,klook,484684081746154,500.00,CNY,bf24b65fcffc4c515317dd93a461c610,2019-08-29T16:50:29.89Z
880,klook,430133435300644,500.00,CNY,5351b0d5a3044e11514ce191ae80da6b,2019-08-29T16:50:29.89Z
881,klook,627770334420138,500.00,CNY,a856485faa61469e490b38a6b90d12eb,2019-08-29T16:50:29.89Z
882,klook,274723275983249,500.00,CNY,9c9b9128458a46ba773cf1732c57f1ca,2019-08-29T16:50:29.89Z
883,klook,487086065607058,500.00,CNY,df5ae6f093164d5862377aea88707f07,2019-08-29T16:50:29.89Z
884,klook,955615264599359,500.00,CNY,954fd746f2634bb4476c18f27dd0cebf,2019-08-29T16:50:29.89Z
885,klook,541491551014989,500.00,CNY,cff50d076b4241647dc9a6c4d8975642,2019-08-29T16:50:29.89Z
886,klook,722837140683175,500.00,CNY,26dfe412c935465c56f32223caac6f69,2019-08-29T16:50:29.89Z
887,klook,997627291207711,500.00,CNY,06160501f3d34e2455025390fc7b713c,2019-08-29T16:50:29.89Z
888,klook,690601021617123,500.00,CNY,caec42da06bd4fba79a4c47b72f30bd3,2019-08-29T16:50:29.89Z
889,klook,116642719437604,500.00,CNY,5eae605ba1b1433e59a5c9e121cd609e,2019-08-29T16:50:29.89Z
890,klook,448482863756199,500.00,CNY,3baee9b4162d4c6763374d2b8853b4bd,2019-08-29T16:50:29.89Z
891,klook,543852478717714,500.00,CNY,38d19f20d2ca46335fd3055a2b19a7b7,2019-08-29T16:50:29.89Z
892,klook,103239020517180,500.00,CNY,d3b5e6f93e4748256443171e5c4b1cdc,2019-08-29T16:50:29.89Z
893,klook,588516648854759,500.00,CNY,34a034c6f31843715ad3effa9bc7d70f,2019-08-29T16:50:29.89Z
894,klook,236327283977546,500.00,CNY,aaa88404e7b447b948b7ab7efe258a66,2019-08-29T16:50:29.89Z
895,klook,895561846823642,500.00,CNY,84d7a6390759491c512d4d70a043b677,2019-08-29T16:50:29.89Z
896,klook,761574257833723,500.00,CNY,ce81d6e45f8a43cc7808a5052d74f221,2019-08-29T16:50:29.89Z
897,klook,427645930181388,500.00,CNY,8ee7de96390d434749ba6793a5758b54,2019-08-29T16:50:29.89Z
898,klook,869263997192754,500.00,CNY,01796b85d90f420a58c1ddcef99d86a2,2019-08-29T16:50:29.89Z
899,klook,608476996782672,500.00,CNY,bb464ae0d8e14b605d2a3f99c65cf264,2019-08-29T16:50:29.89Z
900,klook,587836679631536,500.00,CNY,6d97d33e4d80455d5104ed1edfb65130,2019-08-29T16:50:29.89Z
901,klook,806613003429869,500.00,CNY,b53ff5364106487c71583b4d29a7f9b8,2019-08-29T16:50:29.89Z
902,klook,293586269540594,500.00,CNY,e90648b16f874f3c710e81c57d80309e,2019-08-29T16:50:29.89Z
903,klook,580419279571128,500.00,CNY,ff9a31843fcf4f4d5811176e5aa20178,2019-08-29T16:50:29.89Z
904,klook,291767044655942,500.00,CNY,b0b70b74846c432e59aef5dafc17f4c4,2019-08-29T16:50:29.89Z
905,klook,339997272211335,500.00,CNY,8c879157d8cc402554eabd4b22aba2d1,2019-08-29T16:50:29.89Z
906,klook,115486620221239,500.00,CNY,b7ee75f7ae1644b57ffe6a05bb2e78bd,2019-08-29T16:50:29.89Z
907,klook,471288015970981,500.00,CNY,9b9ea078f13c491847ace94bb30991f2,2019-08-29T16:50:29.89Z
908,klook,755870029081099,500.00,CNY,89cffd72632b4a1846fd305d399fcab9,2019-08-29T16:50:29.89Z
909,klook,971619956276386,500.00,CNY,68d087245eaf4bd259141336a67708bd,2019-08-29T16:50:29.89Z
910,klook,303274093029272,500.00,CNY,be32c0f6035a473e5de1705668dde76b,2019-08-29T16:50:29.89Z
911,klook,228730954412004,500.00,CNY,4eb79dba6c4d4f2262684516c92181c8,2019-08-29T16:50:29.89Z
912,klook,862909601237434,500.00,CNY,7538b2be50604c054b0fbd8d272a6096,2019-08-29T16:50:29.89Z
913,klook,525028562628298,500.00,CNY,74f77cc1121f4f826e4c573b7450d9ed,2019-08-29T16:50:29.89Z
914,klook,520197564347667,500.00,CNY,9e5b73f10cf6429259811a5367164819,2019-08-29T16:50:29.89Z
915,klook,800083687253304,500.00,CNY,cea99c62aee848dc5c5d1bf86f2bccf3,2019-08-29T16:50:29.89Z
916,klook,661598130573328,500.00,CNY,6e30836cc5d4476d5f3d69d8e481e871,2019-08-29T16:50:29.89Z
917,klook,713688266579429,500.00,CNY,a8553107dc1843766945ef357b343028,2019-08-29T16:50:29.89Z
918,klook,549341126751019,500.00,CNY,c3e1fcb8d554490d6bb98ad46ce71d39,2019-08-29T16:50:29.89Z
919,klook,814900120944526,500.00,CNY,e7f997e8c0f74cca41b5d9dd225694a8,2019-08-29T16:50:29.89Z
920,klook,282998459141533,500.00,CNY,fdac37be5ce645b37dac6cfc6e4e26b3,2019-08-29T16:50:29.89Z
921,klook,956993657460040,500.00,CNY,ff4b0557a2084a3d66edeb120dc88515,2019-08-29T16:50:29.89Z
922,klook,684339440207871,500.00,CNY,cf71f28a01024f98453d91622d2962f5,2019-08-29T16:50:29.89Z
923,klook,206845641431482,500.00,CNY,12bb3a300ac44a147cbdffba1a3cebe8,2019-08-29T16:50:29.89Z
924,klook,201863334822442,500.00,CNY,8c06092cad0548114589527723bb2ab8,2019-08-29T16:50:29.89Z
925,klook,290214574835650,500.00,CNY,317712565b5d43ee6db3adc839f135e0,2019-08-29T16:50:29.89Z
926,klook,180839784280250,500.00,CNY,de00a4c937154d8f47435e63251479d4,2019-08-29T16:50:29.89Z
927,klook,925041435084498,500.00,CNY,e3dbd436171c46f84eb5f27a8f297d64,2019-08-29T16:50:29.89Z
928,klook,534698187885073,500.00,CNY,bdcbcf039aa346ca7884723ed97ea51e,2019-08-29T16:50:29.89Z
929,klook,727637350328911,500.00,CNY,4c5dc9d4e0524445469ceb81b31a7967,2019-08-29T16:50:29.89Z
930,klook,363504462111661,500.00,CNY,c08eabeeaff64bd0755e8d28fb3ec089,2019-08-29T16:50:29.89Z
931,klook,278694548939760,500.00,CNY,d911abe03a754a377394eff59d1970ad,2019-08-29T16:50:29.89Z
932,klook,141663300862289,500.00,CNY,cbd30b87d04e421a54ad08070975f45f,2019-08-29T16:50:29.89Z
933,klook,792752905505962,500.00,CNY,ef60cdca024d4a0475cc673f61323858,2019-08-29T16:50:29.89Z
934,klook,277884185160613,500.00,CNY,52729160585f477864fd8f85ce08f543,2019-08-29T16:50:29.89Z
935,klook,245854300366035,500.00,CNY,e696a561cd554f547fb3fe66091236e6,2019-08-29T16:50:29.89Z
936,klook,361976572628044,500.00,CNY,1493a1e485a7447e5affa6cb0c912c0d,2019-08-29T16:50:29.89Z
937,klook,809893122771500,500.00,CNY,f59baf735bfe4ebc6bfa1416f1804ac7,2019-08-29T16:50:29.89Z
938,klook,845670570336684,500.00,CNY,d2a6938d8d12465557c0c859627f6b45,2019-08-29T16:50:29.89Z
939,klook,138126460719245,500.00,CNY,83bb192c4b294efb5f636c1546955e21,2019-08-29T16:50:29.89Z
940,klook,118316379245430,500.00,CNY,f095c9e4a9e148f578ba28a749f57413,2019-08-29T16:50:29.89Z
941,klook,129243767384510,500.00,CNY,015c7359b68d459f64eafd73f5f149b1,2019-08-29T16:50:29.89Z
942,klook,552327667188418,500.00,CNY,ae7abc24f54e47af6ac883cc90f6b4b9,2019-08-29T16:50:29.89Z
943,klook,480587079983089,500.00,CNY,42ed88eac70d4cc053f89c0f835d3622,2019-08-29T16:50:29.89Z
944,klook,661466146147546,500.00,CNY,71c22bd92748418d49fbeb98a066c724,2019-08-29T16:50:29.89Z
945,klook,690684311504733,500.00,CNY,9b66d1e4e3c84dc85c357a04a9a0b21c,2019-08-29T16:50:29.89Z
946,klook,768362442314118,500.00,CNY,f48ff864e3e940516d22f13889371ac9,2019-08-29T16:50:29.89Z
947,klook,351614482698858,500.00,CNY,048ee1ff6a2344cb6a8a2a36e677d486,2019-08-29T16:50:29.89Z
948,klook,313499657355465,500.00,CNY,b1a297b3aa4b4ea5524a756241d2aeaf,2019-08-29T16:50:29.89Z
949,klook,310738109601201,500.00,CNY,71976720e62943806952868e386ec884,2019-08-29T16:50:29.89Z
950,klook,904355841994630,500.00,CNY,2a2af658ebf247a27ad7bb9112e56a63,2019-08-29T16:50:29.89Z
951,klook,536661905139178,500.00,CNY,f9c396b876194dd37290c970e4a6851d,2019-08-29T16:50:29.89Z
952,klook,305336337400517,500.00,CNY,a8bd57a7bead4fd377b8a91e6173f4f4,2019-08-29T16:50:29.89Z
953,klook,954872924721442,500.00,CNY,85e6abca21c84f7c5a836cfde5331cca,2019-08-29T16:50:29.89Z
954,klook,973560295666494,500.00,CNY,891245fa94864e2e5e6cccf939f382bf,2019-08-29T16:50:29.89Z
955,klook,162032596742963,500.00,CNY,193feacae99e4fd65ba482a5174371ce,2019-08-29T16:50:29.89Z
956,klook,652169662855202,500.00,CNY,d15b1a238b4443eb4738c93040b5fef5,2019-08-29T16:50:29.89Z
957,klook,508618130491189,500.00,CNY,1ede9bfe73464cde40c94664d73bb880,2019-08-29T16:50:29.89Z
958,klook,216986797548411,500.00,CNY,58c19e272d3e449e6f1b184bcb13906b,2019-08-29T16:50:29.89Z
959,klook,258048307424109,500.00,CNY,e1fbf249c3624bb2440c3f8779443912,2019-08-29T16:50:29.89Z
960,klook,166276517102043,500.00,CNY,fb5220d4b3054c20457c7b9974613219,2019-08-29T16:50:29.89Z
961,klook,911629346812724,500.00,CNY,0df0009b976e4eed58b19d7ed7a07dab,2019-08-29T16:50:29.89Z
962,klook,806286042065887,500.00,CNY,a578c7c0da2c44735d959c0336c3c39e,2019-08-29T16:50:29.89Z
963,klook,406177154904523,500.00,CNY,588c1815a87246df65f37c5ba7eaf6c5,2019-08-29T16:50:29.89Z
964,klook,625340651024627,500.00,CNY,8433ca25e60040916e4a4e47c40a7ac2,2019-08-29T16:50:29.89Z
965,klook,201143566789050,500.00,CNY,440f96d2e7434f027070475503cc57cd,2019-08-29T16:50:29.89Z
966,klook,642955487546406,500.00,CNY,1e49291ed3f4483d48f9602ecc197876,2019-08-29T16:50:29.89Z
967,klook,438812976776931,500.00,CNY,243c688feecd46f75b52f49718b2d7dd,2019-08-29T16:50:29.89Z
968,klook,809641805945484,500.00,CNY,70c163b3360340fb52a88fc0acfe1f91,2019-08-29T16:50:29.89Z
969,klook,228690994968962,500.00,CNY,9bb5d00098d64dbd53124ca7ac03f43d,2019-08-29T16:50:29.89Z
970,klook,877484353731667,500.00,CNY,19902c97b871420e607582dae49974a1,2019-08-29T16:50:29.89Z
971,klook,714629091554490,500.00,CNY,174d398cf13e424458ab1bb32d0723de,2019-08-29T16:50:29.89Z
972,klook,485865675865949,500.00,CNY,b174c0b85a9649cd6bf8f80d0c77a97c,2019-08-29T16:50:29.89Z
973,klook,908436068140649,500.00,CNY,e50096db00ad48b26acee50d12172d3c,2019-08-29T16:50:29.89Z
974,klook,919418066803742,500.00,CNY,9cf46aca5e4945154a0fa07e0eb7d323,2019-08-29T16:50:29.89Z
975,klook,965163346867086,500.00,CNY,db83a8fa83414fd67b8d1b41611fcc8e,2019-08-29T16:50:29.89Z
976,klook,586235645218609,500.00,CNY,c034567a92f441e1618a8ee34d795a50,2019-08-29T16:50:29.89Z
977,klook,648905083268253,500.00,CNY,d0d17afe101e43c541b32891e507bb7b,2019-08-29T16:50:29.89Z
978,klook,765148498026023,500.00,CNY,f726579b07be430c76d54215c599453e,2019-08-29T16:50:29.89Z
979,klook,364455444040676,500.00,CNY,6947042c23ca466a68193758a3543d5c,2019-08-29T16:50:29.89Z
980,klook,759442979329327,500.00,CNY,43966d1ce1254b4e7b54c7a7ad022fe0,2019-08-29T16:50:29.89Z
981,klook,878305689056292,500.00,CNY,4c5721df57f048c76b455fe702e40cc9,2019-08-29T16:50:29.89Z
982,klook,102617093320350,500.00,CNY,2906bfa3a9ca422d65672da0e8527b2b,2019-08-29T16:50:29.89Z
983,klook,582546543747438,500.00,CNY,a4e45f82c05f410e59f0e896f5bc7cdf,2019-08-29T16:50:29.89Z
984,klook,302246413883224,500.00,CNY,c6320338212f4e5f4976c5f2490ab333,2019-08-29T16:50:29.89Z
985,klook,750952592956761,500.00,CNY,59b5b382eae9474e599f066435ac4cd6,2019-08-29T16:50:29.89Z
986,klook,919757447488367,500.00,CNY,9b5aa4b34b6144c04ca84d901ec59f74,2019-08-29T16:50:29.89Z
987,klook,200321136639112,500.00,CNY,78ee35d09f4a409f7e30bd1f8954baeb,2019-08-29T16:50:29.89Z
988,klook,430726092925068,500.00,CNY,b5598f0571374c9859c8a50731294a3b,2019-08-29T16:50:29.89Z
989,klook,374834243426394,500.00,CNY,f3472710699843db56714b3aa3988ad9,2019-08-29T16:50:29.89Z
990,klook,104600928916777,500.00,CNY,0c281b45336f4ef45c15e51f74897431,2019-08-29T16:50:29.89Z
991,klook,885969368973903,500.00,CNY,5389d612e6b3463f68fa485037411db7,2019-08-29T16:50:29.89Z
992,klook,102546418010091,500.00,CNY,8582aca1d1024003795a55c4798baee8,2019-08-29T16:50:29.89Z
993,klook,673501398906108,500.00,CNY,b9e27d2adb694f6a6c40a4c7d20398bf,2019-08-29T16:50:29.89Z
994,klook,954937214136401,500.00,CNY,41ea61b9c64947e76b8855605361f25c,2019-08-29T16:50:29.89Z
995,klook,423317617405174,500.00,CNY,c34d3f8bef46411e6ff6602b7117b5b9,2019-08-29T16:50:29.89Z
996,klook,153891354807479,500.00,CNY,113f50af676a426364c3ebff11942eaa,2019-08-29T16:50:29.89Z
997,klook,666178697054875,500.00,CNY,78b4b4569444469369edb1eef5b84111,2019-08-29T16:50:29.89Z
998,klook,442638951378639,500.00,CNY,118900b2c10445cf792910ed07e7e046,2019-08-29T16:50:29.89Z
999,klook,916446519936172,500.00,CNY,221d88291fea48106187722ca6710e2c,2019-08-29T16:50:29.89Z
1000,klook,461891398653713,500.00,CNY,340a47bd0589473666452b7b13bfbb3f,2019-08-29T16:50:29.89Z
